Age,Sex,BMI,Children,Smoker,Region,Charges,Sex_enc,Smoker_enc,Region_enc,BMI_Cat,Obese,Predicted_Cost
19,female,27.9,0,yes,southwest,16884.92,0,0,0,Overweight,0,16455.52
18,male,33.77,1,no,southeast,1725.55,1,1,1,Obese,1,2723.1499999999996
28,male,33.0,3,no,southeast,4449.46,1,1,1,Obese,1,5394.35
33,male,22.705,0,no,northwest,21984.47,1,1,2,Normal,0,6729.950000000001
32,male,28.88,0,no,northwest,3866.86,1,1,2,Overweight,0,6462.83
31,female,25.74,0,no,southeast,3756.62,0,1,1,Overweight,0,6195.709999999999
46,female,33.44,1,no,southeast,8240.59,0,1,1,Obese,1,10202.51
37,female,27.74,3,no,northwest,7281.51,0,1,2,Overweight,0,7798.43
37,male,29.83,2,no,northeast,6406.41,1,1,3,Overweight,0,7798.43
60,female,25.84,0,no,northwest,28923.14,0,1,2,Overweight,0,13942.19
25,male,26.22,0,no,northeast,2721.32,1,1,3,Overweight,0,4592.99
62,female,26.29,0,yes,southeast,27808.73,0,0,1,Overweight,0,27663.04
23,male,34.4,0,no,southwest,1826.84,1,1,0,Obese,1,4058.75
56,female,39.82,0,no,southeast,11090.72,0,1,1,Obese,1,12873.710000000001
27,male,42.13,0,yes,southeast,39611.76,1,0,1,Obese,1,38149.18
19,male,24.6,1,no,southwest,1837.24,1,1,0,Normal,0,2990.2699999999995
52,female,30.78,1,no,northeast,10797.34,0,1,3,Obese,1,11805.23
23,male,23.845,0,no,northeast,2395.17,1,1,3,Normal,0,4058.75
56,male,40.3,0,no,southwest,10602.38,1,1,0,Obese,1,12873.710000000001
30,male,35.3,0,yes,southwest,36837.47,1,0,0,Obese,1,38992.630000000005
60,female,36.005,0,no,northeast,13228.85,0,1,3,Obese,1,13942.19
30,female,32.4,1,no,southwest,4149.74,0,1,0,Obese,1,5928.59
18,male,34.1,0,no,southeast,1137.01,1,1,1,Obese,1,2723.1499999999996
34,female,31.92,1,yes,northeast,37701.88,0,0,3,Obese,1,40117.229999999996
37,male,28.025,2,no,northwest,6203.9,1,1,2,Overweight,0,7798.43
59,female,27.72,3,no,southeast,14001.13,0,1,1,Overweight,0,13675.07
63,female,23.085,0,no,northeast,14451.84,0,1,3,Normal,0,14743.550000000001
55,female,32.775,2,no,northwest,12268.63,0,1,2,Obese,1,12606.59
23,male,17.385,1,no,northwest,2775.19,1,1,2,Underweight,0,4058.75
31,male,36.3,2,yes,southwest,38711.0,1,0,0,Obese,1,39273.78
22,male,35.6,0,yes,southwest,35585.58,1,0,0,Obese,1,36743.43
18,female,26.315,0,no,northeast,2198.19,0,1,3,Overweight,0,2723.1499999999996
19,female,28.6,5,no,southwest,4687.8,0,1,0,Overweight,0,2990.2699999999995
63,male,28.31,0,no,northwest,13770.1,1,1,2,Overweight,0,14743.550000000001
28,male,36.4,1,yes,southwest,51194.56,1,0,0,Obese,1,38430.33
19,male,20.425,0,no,northwest,1625.43,1,1,2,Normal,0,2990.2699999999995
62,female,32.965,3,no,northwest,15612.19,0,1,2,Obese,1,14476.429999999998
26,male,20.8,0,no,southwest,2302.3,1,1,0,Normal,0,4860.11
35,male,36.67,1,yes,northeast,39774.28,1,0,3,Obese,1,40398.380000000005
60,male,39.9,0,yes,southwest,48173.36,1,0,0,Obese,1,47427.130000000005
24,female,26.6,0,no,northeast,3046.06,0,1,3,Overweight,0,4325.87
31,female,36.63,2,no,southeast,4949.76,0,1,1,Obese,1,6195.709999999999
41,male,21.78,1,no,southeast,6272.48,1,1,1,Normal,0,8866.91
37,female,30.8,2,no,southeast,6313.76,0,1,1,Obese,1,7798.43
38,male,37.05,1,no,northeast,6079.67,1,1,3,Obese,1,8065.549999999999
55,male,37.3,0,no,southwest,20630.28,1,1,0,Obese,1,12606.59
18,female,38.665,2,no,northeast,3393.36,0,1,3,Obese,1,2723.1499999999996
28,female,34.77,0,no,northwest,3556.92,0,1,2,Obese,1,5394.35
60,female,24.53,0,no,southeast,12629.9,0,1,1,Normal,0,13942.19
36,male,35.2,1,yes,southeast,38709.18,1,0,1,Obese,1,40679.53
18,female,35.625,0,no,northeast,2211.13,0,1,3,Obese,1,2723.1499999999996
21,female,33.63,2,no,northwest,3579.83,0,1,2,Obese,1,3524.51
48,male,28.0,1,yes,southwest,23568.27,1,0,0,Overweight,0,24014.08
36,male,34.43,0,yes,southeast,37742.58,1,0,1,Obese,1,40679.53
40,female,28.69,3,no,northwest,8059.68,0,1,2,Overweight,0,8599.789999999999
58,male,36.955,2,yes,northwest,47496.49,1,0,2,Obese,1,46864.83
58,female,31.825,2,no,northeast,13607.37,0,1,3,Obese,1,13407.95
18,male,31.68,2,yes,southeast,34303.17,1,0,1,Obese,1,35618.83
53,female,22.88,1,yes,southeast,23244.79,0,0,1,Normal,0,25317.28
34,female,37.335,2,no,northwest,5989.52,0,1,2,Obese,1,6997.07
43,male,27.36,3,no,northeast,8606.22,1,1,3,Overweight,0,9401.15
25,male,33.66,4,no,southeast,4504.66,1,1,1,Obese,1,4592.99
64,male,24.7,1,no,northwest,30166.62,1,1,2,Normal,0,15010.67
28,female,25.935,1,no,northwest,4133.64,0,1,2,Overweight,0,5394.35
20,female,22.42,0,yes,northwest,14711.74,0,0,2,Normal,0,16716.16
19,female,28.9,0,no,southwest,1743.21,0,1,0,Overweight,0,2990.2699999999995
61,female,39.1,2,no,southwest,14235.07,0,1,0,Obese,1,14209.31
40,male,26.315,1,no,northwest,6389.38,1,1,2,Overweight,0,8599.789999999999
40,female,36.19,0,no,southeast,5920.1,0,1,1,Obese,1,8599.789999999999
28,male,23.98,3,yes,southeast,17663.14,1,0,1,Normal,0,18801.28
27,female,24.75,0,yes,southeast,16577.78,0,0,1,Normal,0,18540.64
31,male,28.5,5,no,northeast,6799.46,1,1,3,Overweight,0,6195.709999999999
53,female,28.1,3,no,southwest,11741.73,0,1,0,Overweight,0,12072.35
58,male,32.01,1,no,southeast,11946.63,1,1,1,Obese,1,13407.95
44,male,27.4,2,no,southwest,7726.85,1,1,0,Overweight,0,9668.27
57,male,34.01,0,no,northwest,11356.66,1,1,2,Obese,1,13140.83
29,female,29.59,1,no,southeast,3947.41,0,1,1,Overweight,0,5661.47
21,male,35.53,0,no,southeast,1532.47,1,1,1,Obese,1,3524.51
22,female,39.805,0,no,northeast,2755.02,0,1,3,Obese,1,3791.63
41,female,32.965,0,no,northwest,6571.02,0,1,2,Obese,1,8866.91
31,male,26.885,1,no,northeast,4441.21,1,1,3,Overweight,0,6195.709999999999
45,female,38.285,0,no,northeast,7935.29,0,1,3,Obese,1,9935.39
22,male,37.62,1,yes,southeast,37165.16,1,0,1,Obese,1,36743.43
48,female,41.23,4,no,northwest,11033.66,0,1,2,Obese,1,10736.75
37,female,34.8,2,yes,southwest,39836.52,0,0,0,Obese,1,40960.68
45,male,22.895,2,yes,northwest,21098.55,1,0,2,Normal,0,23232.16
57,female,31.16,0,yes,northwest,43578.94,0,0,2,Obese,1,46583.68
56,female,27.2,0,no,southwest,11073.18,0,1,0,Overweight,0,12873.710000000001
46,female,27.74,0,no,northwest,8026.67,0,1,2,Overweight,0,10202.51
55,female,26.98,0,no,northwest,11082.58,0,1,2,Overweight,0,12606.59
21,female,39.49,0,no,southeast,2026.97,0,1,1,Obese,1,3524.51
53,female,24.795,1,no,northwest,10942.13,0,1,2,Normal,0,12072.35
59,male,29.83,3,yes,northeast,30184.94,1,0,3,Overweight,0,26881.12
35,male,34.77,2,no,northwest,5729.01,1,1,2,Obese,1,7264.1900000000005
64,female,31.3,2,yes,southwest,47291.06,0,0,0,Obese,1,48551.729999999996
28,female,37.62,1,no,southeast,3766.88,0,1,1,Obese,1,5394.35
54,female,30.8,3,no,southwest,12105.32,0,1,0,Obese,1,12339.47
55,male,38.28,0,no,southeast,10226.28,1,1,1,Obese,1,12606.59
56,male,19.95,0,yes,northeast,22412.65,1,0,3,Normal,0,26099.2
38,male,19.3,0,yes,southwest,15820.7,1,0,0,Normal,0,21407.68
41,female,31.6,0,no,southwest,6186.13,0,1,0,Obese,1,8866.91
30,male,25.46,0,no,northeast,3645.09,1,1,3,Overweight,0,5928.59
18,female,30.115,0,no,northeast,21344.85,0,1,3,Obese,1,2723.1499999999996
61,female,29.92,3,yes,southeast,30942.19,0,0,1,Overweight,0,27402.4
34,female,27.5,1,no,southwest,5003.85,0,1,0,Overweight,0,6997.07
20,male,28.025,1,yes,northwest,17560.38,1,0,2,Overweight,0,16716.16
19,female,28.4,1,no,southwest,2331.52,0,1,0,Overweight,0,2990.2699999999995
26,male,30.875,2,no,northwest,3877.3,1,1,2,Obese,1,4860.11
29,male,27.94,0,no,southeast,2867.12,1,1,1,Overweight,0,5661.47
63,male,35.09,0,yes,southeast,47055.53,1,0,1,Obese,1,48270.58
54,male,33.63,1,no,northwest,10825.25,1,1,2,Obese,1,12339.47
55,female,29.7,2,no,southwest,11881.36,0,1,0,Overweight,0,12606.59
37,male,30.8,0,no,southwest,4646.76,1,1,0,Obese,1,7798.43
21,female,35.72,0,no,northwest,2404.73,0,1,2,Obese,1,3524.51
52,male,32.205,3,no,northeast,11488.32,1,1,3,Obese,1,11805.23
60,male,28.595,0,no,northeast,30260.0,1,1,3,Overweight,0,13942.19
58,male,49.06,0,no,southeast,11381.33,1,1,1,Obese,1,13407.95
29,female,27.94,1,yes,southeast,19107.78,0,0,1,Overweight,0,19061.92
49,female,27.17,0,no,southeast,8601.33,0,1,1,Overweight,0,11003.87
37,female,23.37,2,no,northwest,6686.43,0,1,2,Normal,0,7798.43
44,male,37.1,2,no,southwest,7740.34,1,1,0,Obese,1,9668.27
18,male,23.75,0,no,northeast,1705.62,1,1,3,Normal,0,2723.1499999999996
20,female,28.975,0,no,northwest,2257.48,0,1,2,Overweight,0,3257.3899999999994
44,male,31.35,1,yes,northeast,39556.49,1,0,3,Obese,1,42928.729999999996
47,female,33.915,3,no,northwest,10115.01,0,1,2,Obese,1,10469.63
26,female,28.785,0,no,northeast,3385.4,0,1,3,Overweight,0,4860.11
19,female,28.3,0,yes,southwest,17081.08,0,0,0,Overweight,0,16455.52
52,female,37.4,0,no,southwest,9634.54,0,1,0,Obese,1,11805.23
32,female,17.765,2,yes,northwest,32734.19,0,0,2,Underweight,0,19843.84
38,male,34.7,2,no,southwest,6082.4,1,1,0,Obese,1,8065.549999999999
59,female,26.505,0,no,northeast,12815.44,0,1,3,Overweight,0,13675.07
61,female,22.04,0,no,northeast,13616.36,0,1,3,Normal,0,14209.31
53,female,35.9,2,no,southwest,11163.57,0,1,0,Obese,1,12072.35
19,male,25.555,0,no,northwest,1632.56,1,1,2,Overweight,0,2990.2699999999995
20,female,28.785,0,no,northeast,2457.21,0,1,3,Overweight,0,3257.3899999999994
22,female,28.05,0,no,southeast,2155.68,0,1,1,Overweight,0,3791.63
19,male,34.1,0,no,southwest,1261.44,1,1,0,Obese,1,2990.2699999999995
22,male,25.175,0,no,northwest,2045.69,1,1,2,Overweight,0,3791.63
54,female,31.9,3,no,southeast,27322.73,0,1,1,Obese,1,12339.47
22,female,36.0,0,no,southwest,2166.73,0,1,0,Obese,1,3791.63
34,male,22.42,2,no,northeast,27375.9,1,1,3,Normal,0,6997.07
26,male,32.49,1,no,northeast,3490.55,1,1,3,Obese,1,4860.11
34,male,25.3,2,yes,southeast,18972.5,1,0,1,Overweight,0,20365.120000000003
29,male,29.735,2,no,northwest,18157.88,1,1,2,Overweight,0,5661.47
30,male,28.69,3,yes,northwest,20745.99,1,0,2,Overweight,0,19322.56
29,female,38.83,3,no,southeast,5138.26,0,1,1,Obese,1,5661.47
46,male,30.495,3,yes,northwest,40720.55,1,0,2,Obese,1,43491.03
51,female,37.73,1,no,southeast,9877.61,0,1,1,Obese,1,11538.11
53,female,37.43,1,no,northwest,10959.69,0,1,2,Obese,1,12072.35
19,male,28.4,1,no,southwest,1842.52,1,1,0,Overweight,0,2990.2699999999995
35,male,24.13,1,no,northwest,5125.22,1,1,2,Normal,0,7264.1900000000005
48,male,29.7,0,no,southeast,7789.64,1,1,1,Overweight,0,10736.75
32,female,37.145,3,no,northeast,6334.34,0,1,3,Obese,1,6462.83
42,female,23.37,0,yes,northeast,19964.75,0,0,3,Normal,0,22450.239999999998
40,female,25.46,1,no,northeast,7077.19,0,1,3,Overweight,0,8599.789999999999
44,male,39.52,0,no,northwest,6948.7,1,1,2,Obese,1,9668.27
48,male,24.42,0,yes,southeast,21223.68,1,0,1,Normal,0,24014.08
18,male,25.175,0,yes,northeast,15518.18,1,0,3,Overweight,0,16194.880000000001
30,male,35.53,0,yes,southeast,36950.26,1,0,1,Obese,1,38992.630000000005
50,female,27.83,3,no,southeast,19749.38,0,1,1,Overweight,0,11270.99
42,female,26.6,0,yes,northwest,21348.71,0,0,2,Overweight,0,22450.239999999998
18,female,36.85,0,yes,southeast,36149.48,0,0,1,Obese,1,35618.83
54,male,39.6,1,no,southwest,10450.55,1,1,0,Obese,1,12339.47
32,female,29.8,2,no,southwest,5152.13,0,1,0,Overweight,0,6462.83
37,male,29.64,0,no,northwest,5028.15,1,1,2,Overweight,0,7798.43
47,male,28.215,4,no,northeast,10407.09,1,1,3,Overweight,0,10469.63
20,female,37.0,5,no,southwest,4830.63,0,1,0,Obese,1,3257.3899999999994
32,female,33.155,3,no,northwest,6128.8,0,1,2,Obese,1,6462.83
19,female,31.825,1,no,northwest,2719.28,0,1,2,Obese,1,2990.2699999999995
27,male,18.905,3,no,northeast,4827.9,1,1,3,Normal,0,5127.23
63,male,41.47,0,no,southeast,13405.39,1,1,1,Obese,1,14743.550000000001
49,male,30.3,0,no,southwest,8116.68,1,1,0,Obese,1,11003.87
18,male,15.96,0,no,northeast,1694.8,1,1,3,Underweight,0,2723.1499999999996
35,female,34.8,1,no,southwest,5246.05,0,1,0,Obese,1,7264.1900000000005
24,female,33.345,0,no,northwest,2855.44,0,1,2,Obese,1,4325.87
63,female,37.7,0,yes,southwest,48824.45,0,0,0,Obese,1,48270.58
38,male,27.835,2,no,northwest,6455.86,1,1,2,Overweight,0,8065.549999999999
54,male,29.2,1,no,southwest,10436.1,1,1,0,Overweight,0,12339.47
46,female,28.9,2,no,southwest,8823.28,0,1,0,Overweight,0,10202.51
41,female,33.155,3,no,northeast,8538.29,0,1,3,Obese,1,8866.91
58,male,28.595,0,no,northwest,11735.88,1,1,2,Overweight,0,13407.95
18,female,38.28,0,no,southeast,1631.82,0,1,1,Obese,1,2723.1499999999996
22,male,19.95,3,no,northeast,4005.42,1,1,3,Normal,0,3791.63
44,female,26.41,0,no,northwest,7419.48,0,1,2,Overweight,0,9668.27
44,male,30.69,2,no,southeast,7731.43,1,1,1,Obese,1,9668.27
36,male,41.895,3,yes,northeast,43753.34,1,0,3,Obese,1,40679.53
26,female,29.92,2,no,southeast,3981.98,0,1,1,Overweight,0,4860.11
30,female,30.9,3,no,southwest,5325.65,0,1,0,Obese,1,5928.59
41,female,32.2,1,no,southwest,6775.96,0,1,0,Obese,1,8866.91
29,female,32.11,2,no,northwest,4922.92,0,1,2,Obese,1,5661.47
61,male,31.57,0,no,southeast,12557.61,1,1,1,Obese,1,14209.31
36,female,26.2,0,no,southwest,4883.87,0,1,0,Overweight,0,7531.3099999999995
25,male,25.74,0,no,southeast,2137.65,1,1,1,Overweight,0,4592.99
56,female,26.6,1,no,northwest,12044.34,0,1,2,Overweight,0,12873.710000000001
18,male,34.43,0,no,southeast,1137.47,1,1,1,Obese,1,2723.1499999999996
19,male,30.59,0,no,northwest,1639.56,1,1,2,Obese,1,2990.2699999999995
39,female,32.8,0,no,southwest,5649.72,0,1,0,Obese,1,8332.67
45,female,28.6,2,no,southeast,8516.83,0,1,1,Overweight,0,9935.39
51,female,18.05,0,no,northwest,9644.25,0,1,2,Underweight,0,11538.11
64,female,39.33,0,no,northeast,14901.52,0,1,3,Obese,1,15010.67
19,female,32.11,0,no,northwest,2130.68,0,1,2,Obese,1,2990.2699999999995
48,female,32.23,1,no,southeast,8871.15,0,1,1,Obese,1,10736.75
60,female,24.035,0,no,northwest,13012.21,0,1,2,Normal,0,13942.19
27,female,36.08,0,yes,southeast,37133.9,0,0,1,Obese,1,38149.18
46,male,22.3,0,no,southwest,7147.1,1,1,0,Normal,0,10202.51
28,female,28.88,1,no,northeast,4337.74,0,1,3,Overweight,0,5394.35
59,male,26.4,0,no,southeast,11743.3,1,1,1,Overweight,0,13675.07
35,male,27.74,2,yes,northeast,20984.09,1,0,3,Overweight,0,20625.760000000002
63,female,31.8,0,no,southwest,13880.95,0,1,0,Obese,1,14743.550000000001
40,male,41.23,1,no,northeast,6610.11,1,1,3,Obese,1,8599.789999999999
20,male,33.0,1,no,southwest,1980.07,1,1,0,Obese,1,3257.3899999999994
40,male,30.875,4,no,northwest,8162.72,1,1,2,Obese,1,8599.789999999999
24,male,28.5,2,no,northwest,3537.7,1,1,2,Overweight,0,4325.87
34,female,26.73,1,no,southeast,5002.78,0,1,1,Overweight,0,6997.07
45,female,30.9,2,no,southwest,8520.03,0,1,0,Obese,1,9935.39
41,female,37.1,2,no,southwest,7371.77,0,1,0,Obese,1,8866.91
53,female,26.6,0,no,northwest,10355.64,0,1,2,Overweight,0,12072.35
27,male,23.1,0,no,southeast,2483.74,1,1,1,Normal,0,5127.23
26,female,29.92,1,no,southeast,3392.98,0,1,1,Overweight,0,4860.11
24,female,23.21,0,no,southeast,25081.77,0,1,1,Normal,0,4325.87
34,female,33.7,1,no,southwest,5012.47,0,1,0,Obese,1,6997.07
53,female,33.25,0,no,northeast,10564.88,0,1,3,Obese,1,12072.35
32,male,30.8,3,no,southwest,5253.52,1,1,0,Obese,1,6462.83
19,male,34.8,0,yes,southwest,34779.62,1,0,0,Obese,1,35899.98
42,male,24.64,0,yes,southeast,19515.54,1,0,1,Normal,0,22450.239999999998
55,male,33.88,3,no,southeast,11987.17,1,1,1,Obese,1,12606.59
28,male,38.06,0,no,southeast,2689.5,1,1,1,Obese,1,5394.35
58,female,41.91,0,no,southeast,24227.34,0,1,1,Obese,1,13407.95
41,female,31.635,1,no,northeast,7358.18,0,1,3,Obese,1,8866.91
47,male,25.46,2,no,northeast,9225.26,1,1,3,Overweight,0,10469.63
42,female,36.195,1,no,northwest,7443.64,0,1,2,Obese,1,9134.03
59,female,27.83,3,no,southeast,14001.29,0,1,1,Overweight,0,13675.07
19,female,17.8,0,no,southwest,1727.78,0,1,0,Underweight,0,2990.2699999999995
59,male,27.5,1,no,southwest,12333.83,1,1,0,Overweight,0,13675.07
39,male,24.51,2,no,northwest,6710.19,1,1,2,Normal,0,8332.67
40,female,22.22,2,yes,southeast,19444.27,0,0,1,Normal,0,21928.96
18,female,26.73,0,no,southeast,1615.77,0,1,1,Overweight,0,2723.1499999999996
31,male,38.39,2,no,southeast,4463.21,1,1,1,Obese,1,6195.709999999999
19,male,29.07,0,yes,northwest,17352.68,1,0,2,Overweight,0,16455.52
44,male,38.06,1,no,southeast,7152.67,1,1,1,Obese,1,9668.27
23,female,36.67,2,yes,northeast,38511.63,0,0,3,Obese,1,37024.58
33,female,22.135,1,no,northeast,5354.07,0,1,3,Normal,0,6729.950000000001
55,female,26.8,1,no,southwest,35160.13,0,1,0,Overweight,0,12606.59
40,male,35.3,3,no,southwest,7196.87,1,1,0,Obese,1,8599.789999999999
63,female,27.74,0,yes,northeast,29523.17,0,0,3,Overweight,0,27923.68
54,male,30.02,0,no,northwest,24476.48,1,1,2,Obese,1,12339.47
60,female,38.06,0,no,southeast,12648.7,0,1,1,Obese,1,13942.19
24,male,35.86,0,no,southeast,1986.93,1,1,1,Obese,1,4325.87
19,male,20.9,1,no,southwest,1832.09,1,1,0,Normal,0,2990.2699999999995
29,male,28.975,1,no,northeast,4040.56,1,1,3,Overweight,0,5661.47
18,male,17.29,2,yes,northeast,12829.46,1,0,3,Underweight,0,16194.880000000001
63,female,32.2,2,yes,southwest,47305.3,0,0,0,Obese,1,48270.58
54,male,34.21,2,yes,southeast,44260.75,1,0,1,Obese,1,45740.229999999996
27,male,30.3,3,no,southwest,4260.74,1,1,0,Obese,1,5127.23
50,male,31.825,0,yes,northeast,41097.16,1,0,3,Obese,1,44615.63
55,female,25.365,3,no,northeast,13047.33,0,1,3,Overweight,0,12606.59
56,male,33.63,0,yes,northwest,43921.18,1,0,2,Obese,1,46302.53
38,female,40.15,0,no,southeast,5400.98,0,1,1,Obese,1,8065.549999999999
51,male,24.415,4,no,northwest,11520.1,1,1,2,Normal,0,11538.11
19,male,31.92,0,yes,northwest,33750.29,1,0,2,Obese,1,35899.98
58,female,25.2,0,no,southwest,11837.16,0,1,0,Overweight,0,13407.95
20,female,26.84,1,yes,southeast,17085.27,0,0,1,Overweight,0,16716.16
52,male,24.32,3,yes,northeast,24869.84,1,0,3,Normal,0,25056.64
19,male,36.955,0,yes,northwest,36219.41,1,0,2,Obese,1,35899.98
53,female,38.06,3,no,southeast,20463.0,0,1,1,Obese,1,12072.35
46,male,42.35,3,yes,southeast,46151.12,1,0,1,Obese,1,43491.03
40,male,19.8,1,yes,southeast,17179.52,1,0,1,Normal,0,21928.96
59,female,32.395,3,no,northeast,14590.63,0,1,3,Obese,1,13675.07
45,male,30.2,1,no,southwest,7441.05,1,1,0,Obese,1,9935.39
49,male,25.84,1,no,northeast,9282.48,1,1,3,Overweight,0,11003.87
18,male,29.37,1,no,southeast,1719.44,1,1,1,Overweight,0,2723.1499999999996
50,male,34.2,2,yes,southwest,42856.84,1,0,0,Obese,1,44615.63
41,male,37.05,2,no,northwest,7265.7,1,1,2,Obese,1,8866.91
50,male,27.455,1,no,northeast,9617.66,1,1,3,Overweight,0,11270.99
25,male,27.55,0,no,northwest,2523.17,1,1,2,Overweight,0,4592.99
47,female,26.6,2,no,northeast,9715.84,0,1,3,Overweight,0,10469.63
19,male,20.615,2,no,northwest,2803.7,1,1,2,Normal,0,2990.2699999999995
22,female,24.3,0,no,southwest,2150.47,0,1,0,Normal,0,3791.63
59,male,31.79,2,no,southeast,12928.79,1,1,1,Obese,1,13675.07
51,female,21.56,1,no,southeast,9855.13,0,1,1,Normal,0,11538.11
40,female,28.12,1,yes,northeast,22331.57,0,0,3,Overweight,0,21928.96
54,male,40.565,3,yes,northeast,48549.18,1,0,3,Obese,1,45740.229999999996
30,male,27.645,1,no,northeast,4237.13,1,1,3,Overweight,0,5928.59
55,female,32.395,1,no,northeast,11879.1,0,1,3,Obese,1,12606.59
52,female,31.2,0,no,southwest,9625.92,0,1,0,Obese,1,11805.23
46,male,26.62,1,no,southeast,7742.11,1,1,1,Overweight,0,10202.51
46,female,48.07,2,no,northeast,9432.93,0,1,3,Obese,1,10202.51
63,female,26.22,0,no,northwest,14256.19,0,1,2,Overweight,0,14743.550000000001
59,female,36.765,1,yes,northeast,47896.79,0,0,3,Obese,1,47145.979999999996
52,male,26.4,3,no,southeast,25992.82,1,1,1,Overweight,0,11805.23
28,female,33.4,0,no,southwest,3172.02,0,1,0,Obese,1,5394.35
29,male,29.64,1,no,northeast,20277.81,1,1,3,Overweight,0,5661.47
25,male,45.54,2,yes,southeast,42112.24,1,0,1,Obese,1,37586.88
22,female,28.82,0,no,southeast,2156.75,0,1,1,Overweight,0,3791.63
25,male,26.8,3,no,southwest,3906.13,1,1,0,Overweight,0,4592.99
18,male,22.99,0,no,northeast,1704.57,1,1,3,Normal,0,2723.1499999999996
19,male,27.7,0,yes,southwest,16297.85,1,0,0,Overweight,0,16455.52
47,male,25.41,1,yes,southeast,21978.68,1,0,1,Overweight,0,23753.440000000002
31,male,34.39,3,yes,northwest,38746.36,1,0,2,Obese,1,39273.78
48,female,28.88,1,no,northwest,9249.5,0,1,2,Overweight,0,10736.75
36,male,27.55,3,no,northeast,6746.74,1,1,3,Overweight,0,7531.3099999999995
53,female,22.61,3,yes,northeast,24873.38,0,0,3,Normal,0,25317.28
56,female,37.51,2,no,southeast,12265.51,0,1,1,Obese,1,12873.710000000001
28,female,33.0,2,no,southeast,4349.46,0,1,1,Obese,1,5394.35
57,female,38.0,2,no,southwest,12646.21,0,1,0,Obese,1,13140.83
29,male,33.345,2,no,northwest,19442.35,1,1,2,Obese,1,5661.47
28,female,27.5,2,no,southwest,20177.67,0,1,0,Overweight,0,5394.35
30,female,33.33,1,no,southeast,4151.03,0,1,1,Obese,1,5928.59
58,male,34.865,0,no,northeast,11944.59,1,1,3,Obese,1,13407.95
41,female,33.06,2,no,northwest,7749.16,0,1,2,Obese,1,8866.91
50,male,26.6,0,no,southwest,8444.47,1,1,0,Overweight,0,11270.99
19,female,24.7,0,no,southwest,1737.38,0,1,0,Normal,0,2990.2699999999995
43,male,35.97,3,yes,southeast,42124.52,1,0,1,Obese,1,42647.58
49,male,35.86,0,no,southeast,8124.41,1,1,1,Obese,1,11003.87
27,female,31.4,0,yes,southwest,34838.87,0,0,0,Obese,1,38149.18
52,male,33.25,0,no,northeast,9722.77,1,1,3,Obese,1,11805.23
50,male,32.205,0,no,northwest,8835.26,1,1,2,Obese,1,11270.99
54,male,32.775,0,no,northeast,10435.07,1,1,3,Obese,1,12339.47
44,female,27.645,0,no,northwest,7421.19,0,1,2,Overweight,0,9668.27
32,male,37.335,1,no,northeast,4667.61,1,1,3,Obese,1,6462.83
34,male,25.27,1,no,northwest,4894.75,1,1,2,Overweight,0,6997.07
26,female,29.64,4,no,northeast,24671.66,0,1,3,Overweight,0,4860.11
34,male,30.8,0,yes,southwest,35491.64,1,0,0,Obese,1,40117.229999999996
57,male,40.945,0,no,northeast,11566.3,1,1,3,Obese,1,13140.83
29,male,27.2,0,no,southwest,2866.09,1,1,0,Overweight,0,5661.47
40,male,34.105,1,no,northeast,6600.21,1,1,3,Obese,1,8599.789999999999
27,female,23.21,1,no,southeast,3561.89,0,1,1,Normal,0,5127.23
45,male,36.48,2,yes,northwest,42760.5,1,0,2,Obese,1,43209.88
64,female,33.8,1,yes,southwest,47928.03,0,0,0,Obese,1,48551.729999999996
52,male,36.7,0,no,southwest,9144.56,1,1,0,Obese,1,11805.23
61,female,36.385,1,yes,northeast,48517.56,0,0,3,Obese,1,47708.28
52,male,27.36,0,yes,northwest,24393.62,1,0,2,Overweight,0,25056.64
61,female,31.16,0,no,northwest,13429.04,0,1,2,Obese,1,14209.31
56,female,28.785,0,no,northeast,11658.38,0,1,3,Overweight,0,12873.710000000001
43,female,35.72,2,no,northeast,19144.58,0,1,3,Obese,1,9401.15
64,male,34.5,0,no,southwest,13822.8,1,1,0,Obese,1,15010.67
60,male,25.74,0,no,southeast,12142.58,1,1,1,Overweight,0,13942.19
62,male,27.55,1,no,northwest,13937.67,1,1,2,Overweight,0,14476.429999999998
50,male,32.3,1,yes,northeast,41919.1,1,0,3,Obese,1,44615.63
46,female,27.72,1,no,southeast,8232.64,0,1,1,Overweight,0,10202.51
24,female,27.6,0,no,southwest,18955.22,0,1,0,Overweight,0,4325.87
62,male,30.02,0,no,northwest,13352.1,1,1,2,Obese,1,14476.429999999998
60,female,27.55,0,no,northeast,13217.09,0,1,3,Overweight,0,13942.19
63,male,36.765,0,no,northeast,13981.85,1,1,3,Obese,1,14743.550000000001
49,female,41.47,4,no,southeast,10977.21,0,1,1,Obese,1,11003.87
34,female,29.26,3,no,southeast,6184.3,0,1,1,Overweight,0,6997.07
33,male,35.75,2,no,southeast,4890.0,1,1,1,Obese,1,6729.950000000001
46,male,33.345,1,no,northeast,8334.46,1,1,3,Obese,1,10202.51
36,female,29.92,1,no,southeast,5478.04,0,1,1,Overweight,0,7531.3099999999995
19,male,27.835,0,no,northwest,1635.73,1,1,2,Overweight,0,2990.2699999999995
57,female,23.18,0,no,northwest,11830.61,0,1,2,Normal,0,13140.83
50,female,25.6,0,no,southwest,8932.08,0,1,0,Overweight,0,11270.99
30,female,27.7,0,no,southwest,3554.2,0,1,0,Overweight,0,5928.59
33,male,35.245,0,no,northeast,12404.88,1,1,3,Obese,1,6729.950000000001
18,female,38.28,0,no,southeast,14133.04,0,1,1,Obese,1,2723.1499999999996
46,male,27.6,0,no,southwest,24603.05,1,1,0,Overweight,0,10202.51
46,male,43.89,3,no,southeast,8944.12,1,1,1,Obese,1,10202.51
47,male,29.83,3,no,northwest,9620.33,1,1,2,Overweight,0,10469.63
23,male,41.91,0,no,southeast,1837.28,1,1,1,Obese,1,4058.75
18,female,20.79,0,no,southeast,1607.51,0,1,1,Normal,0,2723.1499999999996
48,female,32.3,2,no,northeast,10043.25,0,1,3,Obese,1,10736.75
35,male,30.5,1,no,southwest,4751.07,1,1,0,Obese,1,7264.1900000000005
19,female,21.7,0,yes,southwest,13844.51,0,0,0,Normal,0,16455.52
21,female,26.4,1,no,southwest,2597.78,0,1,0,Overweight,0,3524.51
21,female,21.89,2,no,southeast,3180.51,0,1,1,Normal,0,3524.51
49,female,30.78,1,no,northeast,9778.35,0,1,3,Obese,1,11003.87
56,female,32.3,3,no,northeast,13430.26,0,1,3,Obese,1,12873.710000000001
42,female,24.985,2,no,northwest,8017.06,0,1,2,Normal,0,9134.03
44,male,32.015,2,no,northwest,8116.27,1,1,2,Obese,1,9668.27
18,male,30.4,3,no,northeast,3481.87,1,1,3,Obese,1,2723.1499999999996
61,female,21.09,0,no,northwest,13415.04,0,1,2,Normal,0,14209.31
57,female,22.23,0,no,northeast,12029.29,0,1,3,Normal,0,13140.83
42,female,33.155,1,no,northeast,7639.42,0,1,3,Obese,1,9134.03
26,male,32.9,2,yes,southwest,36085.22,1,0,0,Obese,1,37868.03
20,male,33.33,0,no,southeast,1391.53,1,1,1,Obese,1,3257.3899999999994
23,female,28.31,0,yes,northwest,18033.97,0,0,2,Overweight,0,17498.08
39,female,24.89,3,yes,northeast,21659.93,0,0,3,Normal,0,21668.32
24,male,40.15,0,yes,southeast,38126.25,1,0,1,Obese,1,37305.73
64,female,30.115,3,no,northwest,16455.71,0,1,2,Obese,1,15010.67
62,male,31.46,1,no,southeast,27000.98,1,1,1,Obese,1,14476.429999999998
27,female,17.955,2,yes,northeast,15006.58,0,0,3,Underweight,0,18540.64
55,male,30.685,0,yes,northeast,42303.69,1,0,3,Obese,1,46021.38
55,male,33.0,0,no,southeast,20781.49,1,1,1,Obese,1,12606.59
35,female,43.34,2,no,southeast,5846.92,0,1,1,Obese,1,7264.1900000000005
44,male,22.135,2,no,northeast,8302.54,1,1,3,Normal,0,9668.27
19,male,34.4,0,no,southwest,1261.86,1,1,0,Obese,1,2990.2699999999995
58,female,39.05,0,no,southeast,11856.41,0,1,1,Obese,1,13407.95
50,male,25.365,2,no,northwest,30284.64,1,1,2,Overweight,0,11270.99
26,female,22.61,0,no,northwest,3176.82,0,1,2,Normal,0,4860.11
24,female,30.21,3,no,northwest,4618.08,0,1,2,Obese,1,4325.87
48,male,35.625,4,no,northeast,10736.87,1,1,3,Obese,1,10736.75
19,female,37.43,0,no,northwest,2138.07,0,1,2,Obese,1,2990.2699999999995
48,male,31.445,1,no,northeast,8964.06,1,1,3,Obese,1,10736.75
49,male,31.35,1,no,northeast,9290.14,1,1,3,Obese,1,11003.87
46,female,32.3,2,no,northeast,9411.0,0,1,3,Obese,1,10202.51
46,male,19.855,0,no,northwest,7526.71,1,1,2,Normal,0,10202.51
43,female,34.4,3,no,southwest,8522.0,0,1,0,Obese,1,9401.15
21,male,31.02,0,no,southeast,16586.5,1,1,1,Obese,1,3524.51
64,male,25.6,2,no,southwest,14988.43,1,1,0,Overweight,0,15010.67
18,female,38.17,0,no,southeast,1631.67,0,1,1,Obese,1,2723.1499999999996
51,female,20.6,0,no,southwest,9264.8,0,1,0,Normal,0,11538.11
47,male,47.52,1,no,southeast,8083.92,1,1,1,Obese,1,10469.63
64,female,32.965,0,no,northwest,14692.67,0,1,2,Obese,1,15010.67
49,male,32.3,3,no,northwest,10269.46,1,1,2,Obese,1,11003.87
31,male,20.4,0,no,southwest,3260.2,1,1,0,Normal,0,6195.709999999999
52,female,38.38,2,no,northeast,11396.9,0,1,3,Obese,1,11805.23
33,female,24.31,0,no,southeast,4185.1,0,1,1,Normal,0,6729.950000000001
47,female,23.6,1,no,southwest,8539.67,0,1,0,Normal,0,10469.63
38,male,21.12,3,no,southeast,6652.53,1,1,1,Normal,0,8065.549999999999
32,male,30.03,1,no,southeast,4074.45,1,1,1,Obese,1,6462.83
19,male,17.48,0,no,northwest,1621.34,1,1,2,Underweight,0,2990.2699999999995
44,female,20.235,1,yes,northeast,19594.81,0,0,3,Normal,0,22971.52
26,female,17.195,2,yes,northeast,14455.64,0,0,3,Underweight,0,18280.0
25,male,23.9,5,no,southwest,5080.1,1,1,0,Normal,0,4592.99
19,female,35.15,0,no,northwest,2134.9,0,1,2,Obese,1,2990.2699999999995
43,female,35.64,1,no,southeast,7345.73,0,1,1,Obese,1,9401.15
52,male,34.1,0,no,southeast,9140.95,1,1,1,Obese,1,11805.23
36,female,22.6,2,yes,southwest,18608.26,0,0,0,Normal,0,20886.4
64,male,39.16,1,no,southeast,14418.28,1,1,1,Obese,1,15010.67
63,female,26.98,0,yes,northwest,28950.47,0,0,2,Overweight,0,27923.68
64,male,33.88,0,yes,southeast,46889.26,1,0,1,Obese,1,48551.729999999996
61,male,35.86,0,yes,southeast,46599.11,1,0,1,Obese,1,47708.28
40,male,32.775,1,yes,northeast,39125.33,1,0,3,Obese,1,41804.130000000005
25,male,30.59,0,no,northeast,2727.4,1,1,3,Obese,1,4592.99
48,male,30.2,2,no,southwest,8968.33,1,1,0,Obese,1,10736.75
45,male,24.31,5,no,southeast,9788.87,1,1,1,Normal,0,9935.39
38,female,27.265,1,no,northeast,6555.07,0,1,3,Overweight,0,8065.549999999999
18,female,29.165,0,no,northeast,7323.73,0,1,3,Overweight,0,2723.1499999999996
21,female,16.815,1,no,northeast,3167.46,0,1,3,Underweight,0,3524.51
27,female,30.4,3,no,northwest,18804.75,0,1,2,Obese,1,5127.23
19,male,33.1,0,no,southwest,23082.96,1,1,0,Obese,1,2990.2699999999995
29,female,20.235,2,no,northwest,4906.41,0,1,2,Normal,0,5661.47
42,male,26.9,0,no,southwest,5969.72,1,1,0,Overweight,0,9134.03
60,female,30.5,0,no,southwest,12638.2,0,1,0,Obese,1,13942.19
31,male,28.595,1,no,northwest,4243.59,1,1,2,Overweight,0,6195.709999999999
60,male,33.11,3,no,southeast,13919.82,1,1,1,Obese,1,13942.19
22,male,31.73,0,no,northeast,2254.8,1,1,3,Obese,1,3791.63
35,male,28.9,3,no,southwest,5926.85,1,1,0,Overweight,0,7264.1900000000005
52,female,46.75,5,no,southeast,12592.53,0,1,1,Obese,1,11805.23
26,male,29.45,0,no,northeast,2897.32,1,1,3,Overweight,0,4860.11
31,female,32.68,1,no,northwest,4738.27,0,1,2,Obese,1,6195.709999999999
33,female,33.5,0,yes,southwest,37079.37,0,0,0,Obese,1,39836.08
18,male,43.01,0,no,southeast,1149.4,1,1,1,Obese,1,2723.1499999999996
59,female,36.52,1,no,southeast,28287.9,0,1,1,Obese,1,13675.07
56,male,26.695,1,yes,northwest,26109.33,1,0,2,Overweight,0,26099.2
45,female,33.1,0,no,southwest,7345.08,0,1,0,Obese,1,9935.39
60,male,29.64,0,no,northeast,12731.0,1,1,3,Overweight,0,13942.19
56,female,25.65,0,no,northwest,11454.02,0,1,2,Overweight,0,12873.710000000001
40,female,29.6,0,no,southwest,5910.94,0,1,0,Overweight,0,8599.789999999999
35,male,38.6,1,no,southwest,4762.33,1,1,0,Obese,1,7264.1900000000005
39,male,29.6,4,no,southwest,7512.27,1,1,0,Overweight,0,8332.67
30,male,24.13,1,no,northwest,4032.24,1,1,2,Normal,0,5928.59
24,male,23.4,0,no,southwest,1969.61,1,1,0,Normal,0,4325.87
20,male,29.735,0,no,northwest,1769.53,1,1,2,Overweight,0,3257.3899999999994
32,male,46.53,2,no,southeast,4686.39,1,1,1,Obese,1,6462.83
59,male,37.4,0,no,southwest,21797.0,1,1,0,Obese,1,13675.07
55,female,30.14,2,no,southeast,11881.97,0,1,1,Obese,1,12606.59
57,female,30.495,0,no,northwest,11840.78,0,1,2,Obese,1,13140.83
56,male,39.6,0,no,southwest,10601.41,1,1,0,Obese,1,12873.710000000001
40,female,33.0,3,no,southeast,7682.67,0,1,1,Obese,1,8599.789999999999
49,female,36.63,3,no,southeast,10381.48,0,1,1,Obese,1,11003.87
42,male,30.0,0,yes,southwest,22144.03,1,0,0,Overweight,1,42366.43
62,female,38.095,2,no,northeast,15230.32,0,1,3,Obese,1,14476.429999999998
56,male,25.935,0,no,northeast,11165.42,1,1,3,Overweight,0,12873.710000000001
19,male,25.175,0,no,northwest,1632.04,1,1,2,Overweight,0,2990.2699999999995
30,female,28.38,1,yes,southeast,19521.97,0,0,1,Overweight,0,19322.56
60,female,28.7,1,no,southwest,13224.69,0,1,0,Overweight,0,13942.19
56,female,33.82,2,no,northwest,12643.38,0,1,2,Obese,1,12873.710000000001
28,female,24.32,1,no,northeast,23288.93,0,1,3,Normal,0,5394.35
18,female,24.09,1,no,southeast,2201.1,0,1,1,Normal,0,2723.1499999999996
27,male,32.67,0,no,southeast,2497.04,1,1,1,Obese,1,5127.23
18,female,30.115,0,no,northeast,2203.47,0,1,3,Obese,1,2723.1499999999996
19,female,29.8,0,no,southwest,1744.46,0,1,0,Overweight,0,2990.2699999999995
47,female,33.345,0,no,northeast,20878.78,0,1,3,Obese,1,10469.63
54,male,25.1,3,yes,southwest,25382.3,1,0,0,Overweight,0,25577.92
61,male,28.31,1,yes,northwest,28868.66,1,0,2,Overweight,0,27402.4
24,male,28.5,0,yes,northeast,35147.53,1,0,3,Overweight,0,17758.72
25,male,35.625,0,no,northwest,2534.39,1,1,2,Obese,1,4592.99
21,male,36.85,0,no,southeast,1534.3,1,1,1,Obese,1,3524.51
23,male,32.56,0,no,southeast,1824.29,1,1,1,Obese,1,4058.75
63,male,41.325,3,no,northwest,15555.19,1,1,2,Obese,1,14743.550000000001
49,male,37.51,2,no,southeast,9304.7,1,1,1,Obese,1,11003.87
18,female,31.35,0,no,southeast,1622.19,0,1,1,Obese,1,2723.1499999999996
51,female,39.5,1,no,southwest,9880.07,0,1,0,Obese,1,11538.11
48,male,34.3,3,no,southwest,9563.03,1,1,0,Obese,1,10736.75
31,female,31.065,0,no,northeast,4347.02,0,1,3,Obese,1,6195.709999999999
54,female,21.47,3,no,northwest,12475.35,0,1,2,Normal,0,12339.47
19,male,28.7,0,no,southwest,1253.94,1,1,0,Overweight,0,2990.2699999999995
44,female,38.06,0,yes,southeast,48885.14,0,0,1,Obese,1,42928.729999999996
53,male,31.16,1,no,northwest,10461.98,1,1,2,Obese,1,12072.35
19,female,32.9,0,no,southwest,1748.77,0,1,0,Obese,1,2990.2699999999995
61,female,25.08,0,no,southeast,24513.09,0,1,1,Overweight,0,14209.31
18,female,25.08,0,no,northeast,2196.47,0,1,3,Overweight,0,2723.1499999999996
61,male,43.4,0,no,southwest,12574.05,1,1,0,Obese,1,14209.31
21,male,25.7,4,yes,southwest,17942.11,1,0,0,Overweight,0,16976.8
20,male,27.93,0,no,northeast,1967.02,1,1,3,Overweight,0,3257.3899999999994
31,female,23.6,2,no,southwest,4931.65,0,1,0,Normal,0,6195.709999999999
45,male,28.7,2,no,southwest,8027.97,1,1,0,Overweight,0,9935.39
44,female,23.98,2,no,southeast,8211.1,0,1,1,Normal,0,9668.27
62,female,39.2,0,no,southwest,13470.86,0,1,0,Obese,1,14476.429999999998
29,male,34.4,0,yes,southwest,36197.7,1,0,0,Obese,1,38711.48
43,male,26.03,0,no,northeast,6837.37,1,1,3,Overweight,0,9401.15
51,male,23.21,1,yes,southeast,22218.11,1,0,1,Normal,0,24796.0
19,male,30.25,0,yes,southeast,32548.34,1,0,1,Obese,1,35899.98
38,female,28.93,1,no,southeast,5974.38,0,1,1,Overweight,0,8065.549999999999
37,male,30.875,3,no,northwest,6796.86,1,1,2,Obese,1,7798.43
22,male,31.35,1,no,northwest,2643.27,1,1,2,Obese,1,3791.63
21,male,23.75,2,no,northwest,3077.1,1,1,2,Normal,0,3524.51
24,female,25.27,0,no,northeast,3044.21,0,1,3,Overweight,0,4325.87
57,female,28.7,0,no,southwest,11455.28,0,1,0,Overweight,0,13140.83
56,male,32.11,1,no,northeast,11763.0,1,1,3,Obese,1,12873.710000000001
27,male,33.66,0,no,southeast,2498.41,1,1,1,Obese,1,5127.23
51,male,22.42,0,no,northeast,9361.33,1,1,3,Normal,0,11538.11
19,male,30.4,0,no,southwest,1256.3,1,1,0,Obese,1,2990.2699999999995
39,male,28.3,1,yes,southwest,21082.16,1,0,0,Overweight,0,21668.32
58,male,35.7,0,no,southwest,11362.76,1,1,0,Obese,1,13407.95
20,male,35.31,1,no,southeast,27724.29,1,1,1,Obese,1,3257.3899999999994
45,male,30.495,2,no,northwest,8413.46,1,1,2,Obese,1,9935.39
35,female,31.0,1,no,southwest,5240.77,0,1,0,Obese,1,7264.1900000000005
31,male,30.875,0,no,northeast,3857.76,1,1,3,Obese,1,6195.709999999999
50,female,27.36,0,no,northeast,25656.58,0,1,3,Overweight,0,11270.99
32,female,44.22,0,no,southeast,3994.18,0,1,1,Obese,1,6462.83
51,female,33.915,0,no,northeast,9866.3,0,1,3,Obese,1,11538.11
38,female,37.73,0,no,southeast,5397.62,0,1,1,Obese,1,8065.549999999999
42,male,26.07,1,yes,southeast,38245.59,1,0,1,Overweight,0,22450.239999999998
18,female,33.88,0,no,southeast,11482.63,0,1,1,Obese,1,2723.1499999999996
19,female,30.59,2,no,northwest,24059.68,0,1,2,Obese,1,2990.2699999999995
51,female,25.8,1,no,southwest,9861.02,0,1,0,Overweight,0,11538.11
46,male,39.425,1,no,northeast,8342.91,1,1,3,Obese,1,10202.51
18,male,25.46,0,no,northeast,1708.0,1,1,3,Overweight,0,2723.1499999999996
57,male,42.13,1,yes,southeast,48675.52,1,0,1,Obese,1,46583.68
62,female,31.73,0,no,northeast,14043.48,0,1,3,Obese,1,14476.429999999998
59,male,29.7,2,no,southeast,12925.89,1,1,1,Overweight,0,13675.07
37,male,36.19,0,no,southeast,19214.71,1,1,1,Obese,1,7798.43
64,male,40.48,0,no,southeast,13831.12,1,1,1,Obese,1,15010.67
38,male,28.025,1,no,northeast,6067.13,1,1,3,Overweight,0,8065.549999999999
33,female,38.9,3,no,southwest,5972.38,0,1,0,Obese,1,6729.950000000001
46,female,30.2,2,no,southwest,8825.09,0,1,0,Obese,1,10202.51
46,female,28.05,1,no,southeast,8233.1,0,1,1,Overweight,0,10202.51
53,male,31.35,0,no,southeast,27346.04,1,1,1,Obese,1,12072.35
34,female,38.0,3,no,southwest,6196.45,0,1,0,Obese,1,6997.07
20,female,31.79,2,no,southeast,3056.39,0,1,1,Obese,1,3257.3899999999994
63,female,36.3,0,no,southeast,13887.2,0,1,1,Obese,1,14743.550000000001
54,female,47.41,0,yes,southeast,63770.43,0,0,1,Obese,1,45740.229999999996
54,male,30.21,0,no,northwest,10231.5,1,1,2,Obese,1,12339.47
49,male,25.84,2,yes,northwest,23807.24,1,0,2,Overweight,0,24274.72
28,male,35.435,0,no,northeast,3268.85,1,1,3,Obese,1,5394.35
54,female,46.7,2,no,southwest,11538.42,0,1,0,Obese,1,12339.47
25,female,28.595,0,no,northeast,3213.62,0,1,3,Overweight,0,4592.99
43,female,46.2,0,yes,southeast,45863.2,0,0,1,Obese,1,42647.58
63,male,30.8,0,no,southwest,13390.56,1,1,0,Obese,1,14743.550000000001
32,female,28.93,0,no,southeast,3972.92,0,1,1,Overweight,0,6462.83
62,male,21.4,0,no,southwest,12957.12,1,1,0,Normal,0,14476.429999999998
52,female,31.73,2,no,northwest,11187.66,0,1,2,Obese,1,11805.23
25,female,41.325,0,no,northeast,17878.9,0,1,3,Obese,1,4592.99
28,male,23.8,2,no,southwest,3847.67,1,1,0,Normal,0,5394.35
46,male,33.44,1,no,northeast,8334.59,1,1,3,Obese,1,10202.51
34,male,34.21,0,no,southeast,3935.18,1,1,1,Obese,1,6997.07
35,female,34.105,3,yes,northwest,39983.43,0,0,2,Obese,1,40398.380000000005
19,male,35.53,0,no,northwest,1646.43,1,1,2,Obese,1,2990.2699999999995
46,female,19.95,2,no,northwest,9193.84,0,1,2,Normal,0,10202.51
54,female,32.68,0,no,northeast,10923.93,0,1,3,Obese,1,12339.47
27,male,30.5,0,no,southwest,2494.02,1,1,0,Obese,1,5127.23
50,male,44.77,1,no,southeast,9058.73,1,1,1,Obese,1,11270.99
18,female,32.12,2,no,southeast,2801.26,0,1,1,Obese,1,2723.1499999999996
19,female,30.495,0,no,northwest,2128.43,0,1,2,Obese,1,2990.2699999999995
38,female,40.565,1,no,northwest,6373.56,0,1,2,Obese,1,8065.549999999999
41,male,30.59,2,no,northwest,7256.72,1,1,2,Obese,1,8866.91
49,female,31.9,5,no,southwest,11552.9,0,1,0,Obese,1,11003.87
48,male,40.565,2,yes,northwest,45702.02,1,0,2,Obese,1,44053.33
31,female,29.1,0,no,southwest,3761.29,0,1,0,Overweight,0,6195.709999999999
18,female,37.29,1,no,southeast,2219.45,0,1,1,Obese,1,2723.1499999999996
30,female,43.12,2,no,southeast,4753.64,0,1,1,Obese,1,5928.59
62,female,36.86,1,no,northeast,31620.0,0,1,3,Obese,1,14476.429999999998
57,female,34.295,2,no,northeast,13224.06,0,1,3,Obese,1,13140.83
58,female,27.17,0,no,northwest,12222.9,0,1,2,Overweight,0,13407.95
22,male,26.84,0,no,southeast,1665.0,1,1,1,Overweight,0,3791.63
31,female,38.095,1,yes,northeast,58571.07,0,0,3,Obese,1,39273.78
52,male,30.2,1,no,southwest,9724.53,1,1,0,Obese,1,11805.23
25,female,23.465,0,no,northeast,3206.49,0,1,3,Normal,0,4592.99
59,male,25.46,1,no,northeast,12913.99,1,1,3,Overweight,0,13675.07
39,male,45.43,2,no,southeast,6356.27,1,1,1,Obese,1,8332.67
32,female,23.65,1,no,southeast,17626.24,0,1,1,Normal,0,6462.83
19,male,20.7,0,no,southwest,1242.82,1,1,0,Normal,0,2990.2699999999995
33,female,28.27,1,no,southeast,4779.6,0,1,1,Overweight,0,6729.950000000001
21,male,20.235,3,no,northeast,3861.21,1,1,3,Normal,0,3524.51
34,female,30.21,1,yes,northwest,43943.88,0,0,2,Obese,1,40117.229999999996
61,female,35.91,0,no,northeast,13635.64,0,1,3,Obese,1,14209.31
38,female,30.69,1,no,southeast,5976.83,0,1,1,Obese,1,8065.549999999999
58,female,29.0,0,no,southwest,11842.44,0,1,0,Overweight,0,13407.95
47,male,19.57,1,no,northwest,8428.07,1,1,2,Normal,0,10469.63
20,male,31.13,2,no,southeast,2566.47,1,1,1,Obese,1,3257.3899999999994
21,female,21.85,1,yes,northeast,15359.1,0,0,3,Normal,0,16976.8
41,male,40.26,0,no,southeast,5709.16,1,1,1,Obese,1,8866.91
46,female,33.725,1,no,northeast,8823.99,0,1,3,Obese,1,10202.51
42,female,29.48,2,no,southeast,7640.31,0,1,1,Overweight,0,9134.03
34,female,33.25,1,no,northeast,5594.85,0,1,3,Obese,1,6997.07
43,male,32.6,2,no,southwest,7441.5,1,1,0,Obese,1,9401.15
52,female,37.525,2,no,northwest,33471.97,0,1,2,Obese,1,11805.23
18,female,39.16,0,no,southeast,1633.04,0,1,1,Obese,1,2723.1499999999996
51,male,31.635,0,no,northwest,9174.14,1,1,2,Obese,1,11538.11
56,female,25.3,0,no,southwest,11070.54,0,1,0,Overweight,0,12873.710000000001
64,female,39.05,3,no,southeast,16085.13,0,1,1,Obese,1,15010.67
19,female,28.31,0,yes,northwest,17468.98,0,0,2,Overweight,0,16455.52
51,female,34.1,0,no,southeast,9283.56,0,1,1,Obese,1,11538.11
27,female,25.175,0,no,northeast,3558.62,0,1,3,Overweight,0,5127.23
59,female,23.655,0,yes,northwest,25678.78,0,0,2,Normal,0,26881.12
28,male,26.98,2,no,northeast,4435.09,1,1,3,Overweight,0,5394.35
30,male,37.8,2,yes,southwest,39241.44,1,0,0,Obese,1,38992.630000000005
47,female,29.37,1,no,southeast,8547.69,0,1,1,Overweight,0,10469.63
38,female,34.8,2,no,southwest,6571.54,0,1,0,Obese,1,8065.549999999999
18,female,33.155,0,no,northeast,2207.7,0,1,3,Obese,1,2723.1499999999996
34,female,19.0,3,no,northeast,6753.04,0,1,3,Normal,0,6997.07
20,female,33.0,0,no,southeast,1880.07,0,1,1,Obese,1,3257.3899999999994
47,female,36.63,1,yes,southeast,42969.85,0,0,1,Obese,1,43772.18
56,female,28.595,0,no,northeast,11658.12,0,1,3,Overweight,0,12873.710000000001
49,male,25.6,2,yes,southwest,23306.55,1,0,0,Overweight,0,24274.72
19,female,33.11,0,yes,southeast,34439.86,0,0,1,Obese,1,35899.98
55,female,37.1,0,no,southwest,10713.64,0,1,0,Obese,1,12606.59
30,male,31.4,1,no,southwest,3659.35,1,1,0,Obese,1,5928.59
37,male,34.1,4,yes,southwest,40182.25,1,0,0,Obese,1,40960.68
49,female,21.3,1,no,southwest,9182.17,0,1,0,Normal,0,11003.87
18,male,33.535,0,yes,northeast,34617.84,1,0,3,Obese,1,35618.83
59,male,28.785,0,no,northwest,12129.61,1,1,2,Overweight,0,13675.07
29,female,26.03,0,no,northwest,3736.46,0,1,2,Overweight,0,5661.47
36,male,28.88,3,no,northeast,6748.59,1,1,3,Overweight,0,7531.3099999999995
33,male,42.46,1,no,southeast,11326.71,1,1,1,Obese,1,6729.950000000001
58,male,38.0,0,no,southwest,11365.95,1,1,0,Obese,1,13407.95
44,female,38.95,0,yes,northwest,42983.46,0,0,2,Obese,1,42928.729999999996
53,male,36.1,1,no,southwest,10085.85,1,1,0,Obese,1,12072.35
24,male,29.3,0,no,southwest,1977.82,1,1,0,Overweight,0,4325.87
29,female,35.53,0,no,southeast,3366.67,0,1,1,Obese,1,5661.47
40,male,22.705,2,no,northeast,7173.36,1,1,3,Normal,0,8599.789999999999
51,male,39.7,1,no,southwest,9391.35,1,1,0,Obese,1,11538.11
64,male,38.19,0,no,northeast,14410.93,1,1,3,Obese,1,15010.67
19,female,24.51,1,no,northwest,2709.11,0,1,2,Normal,0,2990.2699999999995
35,female,38.095,2,no,northeast,24915.05,0,1,3,Obese,1,7264.1900000000005
39,male,26.41,0,yes,northeast,20149.32,1,0,3,Overweight,0,21668.32
56,male,33.66,4,no,southeast,12949.16,1,1,1,Obese,1,12873.710000000001
33,male,42.4,5,no,southwest,6666.24,1,1,0,Obese,1,6729.950000000001
42,male,28.31,3,yes,northwest,32787.46,1,0,2,Overweight,0,22450.239999999998
61,male,33.915,0,no,northeast,13143.86,1,1,3,Obese,1,14209.31
23,female,34.96,3,no,northwest,4466.62,0,1,2,Obese,1,4058.75
43,male,35.31,2,no,southeast,18806.15,1,1,1,Obese,1,9401.15
48,male,30.78,3,no,northeast,10141.14,1,1,3,Obese,1,10736.75
39,male,26.22,1,no,northwest,6123.57,1,1,2,Overweight,0,8332.67
40,female,23.37,3,no,northeast,8252.28,0,1,3,Normal,0,8599.789999999999
18,male,28.5,0,no,northeast,1712.23,1,1,3,Overweight,0,2723.1499999999996
58,female,32.965,0,no,northeast,12430.95,0,1,3,Obese,1,13407.95
49,female,42.68,2,no,southeast,9800.89,0,1,1,Obese,1,11003.87
53,female,39.6,1,no,southeast,10579.71,0,1,1,Obese,1,12072.35
48,female,31.13,0,no,southeast,8280.62,0,1,1,Obese,1,10736.75
45,female,36.3,2,no,southeast,8527.53,0,1,1,Obese,1,9935.39
59,female,35.2,0,no,southeast,12244.53,0,1,1,Obese,1,13675.07
52,female,25.3,2,yes,southeast,24667.42,0,0,1,Overweight,0,25056.64
26,female,42.4,1,no,southwest,3410.32,0,1,0,Obese,1,4860.11
27,male,33.155,2,no,northwest,4058.71,1,1,2,Obese,1,5127.23
48,female,35.91,1,no,northeast,26392.26,0,1,3,Obese,1,10736.75
57,female,28.785,4,no,northeast,14394.4,0,1,3,Overweight,0,13140.83
37,male,46.53,3,no,southeast,6435.62,1,1,1,Obese,1,7798.43
57,female,23.98,1,no,southeast,22192.44,0,1,1,Normal,0,13140.83
32,female,31.54,1,no,northeast,5148.55,0,1,3,Obese,1,6462.83
18,male,33.66,0,no,southeast,1136.4,1,1,1,Obese,1,2723.1499999999996
64,female,22.99,0,yes,southeast,27037.91,0,0,1,Normal,0,28184.32
43,male,38.06,2,yes,southeast,42560.43,1,0,1,Obese,1,42647.58
49,male,28.7,1,no,southwest,8703.46,1,1,0,Overweight,0,11003.87
40,female,32.775,2,yes,northwest,40003.33,0,0,2,Obese,1,41804.130000000005
62,male,32.015,0,yes,northeast,45710.21,1,0,3,Obese,1,47989.43
40,female,29.81,1,no,southeast,6500.24,0,1,1,Overweight,0,8599.789999999999
30,male,31.57,3,no,southeast,4837.58,1,1,1,Obese,1,5928.59
29,female,31.16,0,no,northeast,3943.6,0,1,3,Obese,1,5661.47
36,male,29.7,0,no,southeast,4399.73,1,1,1,Overweight,0,7531.3099999999995
41,female,31.02,0,no,southeast,6185.32,0,1,1,Obese,1,8866.91
44,female,43.89,2,yes,southeast,46200.99,0,0,1,Obese,1,42928.729999999996
45,male,21.375,0,no,northwest,7222.79,1,1,2,Normal,0,9935.39
55,female,40.81,3,no,southeast,12485.8,0,1,1,Obese,1,12606.59
60,male,31.35,3,yes,northwest,46130.53,1,0,2,Obese,1,47427.130000000005
56,male,36.1,3,no,southwest,12363.55,1,1,0,Obese,1,12873.710000000001
49,female,23.18,2,no,northwest,10156.78,0,1,2,Normal,0,11003.87
21,female,17.4,1,no,southwest,2585.27,0,1,0,Underweight,0,3524.51
19,male,20.3,0,no,southwest,1242.26,1,1,0,Normal,0,2990.2699999999995
39,male,35.3,2,yes,southwest,40103.89,1,0,0,Obese,1,41522.979999999996
53,male,24.32,0,no,northwest,9863.47,1,1,2,Normal,0,12072.35
33,female,18.5,1,no,southwest,4766.02,0,1,0,Underweight,0,6729.950000000001
53,male,26.41,2,no,northeast,11244.38,1,1,3,Overweight,0,12072.35
42,male,26.125,2,no,northeast,7729.65,1,1,3,Overweight,0,9134.03
40,male,41.69,0,no,southeast,5438.75,1,1,1,Obese,1,8599.789999999999
47,female,24.1,1,no,southwest,26236.58,0,1,0,Normal,0,10469.63
27,male,31.13,1,yes,southeast,34806.47,1,0,1,Obese,1,38149.18
21,male,27.36,0,no,northeast,2104.11,1,1,3,Overweight,0,3524.51
47,male,36.2,1,no,southwest,8068.18,1,1,0,Obese,1,10469.63
20,male,32.395,1,no,northwest,2362.23,1,1,2,Obese,1,3257.3899999999994
24,male,23.655,0,no,northwest,2352.97,1,1,2,Normal,0,4325.87
27,female,34.8,1,no,southwest,3578.0,0,1,0,Obese,1,5127.23
26,female,40.185,0,no,northwest,3201.25,0,1,2,Obese,1,4860.11
53,female,32.3,2,no,northeast,29186.48,0,1,3,Obese,1,12072.35
41,male,35.75,1,yes,southeast,40273.65,1,0,1,Obese,1,42085.28
56,male,33.725,0,no,northwest,10976.25,1,1,2,Obese,1,12873.710000000001
23,female,39.27,2,no,southeast,3500.61,0,1,1,Obese,1,4058.75
21,female,34.87,0,no,southeast,2020.55,0,1,1,Obese,1,3524.51
50,female,44.745,0,no,northeast,9541.7,0,1,3,Obese,1,11270.99
53,male,41.47,0,no,southeast,9504.31,1,1,1,Obese,1,12072.35
34,female,26.41,1,no,northwest,5385.34,0,1,2,Overweight,0,6997.07
47,female,29.545,1,no,northwest,8930.93,0,1,2,Overweight,0,10469.63
33,female,32.9,2,no,southwest,5375.04,0,1,0,Obese,1,6729.950000000001
51,female,38.06,0,yes,southeast,44400.41,0,0,1,Obese,1,44896.78
49,male,28.69,3,no,northwest,10264.44,1,1,2,Overweight,0,11003.87
31,female,30.495,3,no,northeast,6113.23,0,1,3,Obese,1,6195.709999999999
36,female,27.74,0,no,northeast,5469.01,0,1,3,Overweight,0,7531.3099999999995
18,male,35.2,1,no,southeast,1727.54,1,1,1,Obese,1,2723.1499999999996
50,female,23.54,2,no,southeast,10107.22,0,1,1,Normal,0,11270.99
43,female,30.685,2,no,northwest,8310.84,0,1,2,Obese,1,9401.15
20,male,40.47,0,no,northeast,1984.45,1,1,3,Obese,1,3257.3899999999994
24,female,22.6,0,no,southwest,2457.5,0,1,0,Normal,0,4325.87
60,male,28.9,0,no,southwest,12146.97,1,1,0,Overweight,0,13942.19
49,female,22.61,1,no,northwest,9566.99,0,1,2,Normal,0,11003.87
60,male,24.32,1,no,northwest,13112.6,1,1,2,Normal,0,13942.19
51,female,36.67,2,no,northwest,10848.13,0,1,2,Obese,1,11538.11
58,female,33.44,0,no,northwest,12231.61,0,1,2,Obese,1,13407.95
51,female,40.66,0,no,northeast,9875.68,0,1,3,Obese,1,11538.11
53,male,36.6,3,no,southwest,11264.54,1,1,0,Obese,1,12072.35
62,male,37.4,0,no,southwest,12979.36,1,1,0,Obese,1,14476.429999999998
19,male,35.4,0,no,southwest,1263.25,1,1,0,Obese,1,2990.2699999999995
50,female,27.075,1,no,northeast,10106.13,0,1,3,Overweight,0,11270.99
30,female,39.05,3,yes,southeast,40932.43,0,0,1,Obese,1,38992.630000000005
41,male,28.405,1,no,northwest,6664.69,1,1,2,Overweight,0,8866.91
29,female,21.755,1,yes,northeast,16657.72,0,0,3,Normal,0,19061.92
18,female,40.28,0,no,northeast,2217.6,0,1,3,Obese,1,2723.1499999999996
41,female,36.08,1,no,southeast,6781.35,0,1,1,Obese,1,8866.91
35,male,24.42,3,yes,southeast,19362.0,1,0,1,Normal,0,20625.760000000002
53,male,21.4,1,no,southwest,10065.41,1,1,0,Normal,0,12072.35
24,female,30.1,3,no,southwest,4234.93,0,1,0,Obese,1,4325.87
48,female,27.265,1,no,northeast,9447.25,0,1,3,Overweight,0,10736.75
59,female,32.1,3,no,southwest,14007.22,0,1,0,Obese,1,13675.07
49,female,34.77,1,no,northwest,9583.89,0,1,2,Obese,1,11003.87
37,female,38.39,0,yes,southeast,40419.02,0,0,1,Obese,1,40960.68
26,male,23.7,2,no,southwest,3484.33,1,1,0,Normal,0,4860.11
23,male,31.73,3,yes,northeast,36189.1,1,0,3,Obese,1,37024.58
29,male,35.5,2,yes,southwest,44585.46,1,0,0,Obese,1,38711.48
45,male,24.035,2,no,northeast,8604.48,1,1,3,Normal,0,9935.39
27,male,29.15,0,yes,southeast,18246.5,1,0,1,Overweight,0,18540.64
53,male,34.105,0,yes,northeast,43254.42,1,0,3,Obese,1,45459.08
31,female,26.62,0,no,southeast,3757.84,0,1,1,Overweight,0,6195.709999999999
50,male,26.41,0,no,northwest,8827.21,1,1,2,Overweight,0,11270.99
50,female,30.115,1,no,northwest,9910.36,0,1,2,Obese,1,11270.99
34,male,27.0,2,no,southwest,11737.85,1,1,0,Overweight,0,6997.07
19,male,21.755,0,no,northwest,1627.28,1,1,2,Normal,0,2990.2699999999995
47,female,36.0,1,no,southwest,8556.91,0,1,0,Obese,1,10469.63
28,male,30.875,0,no,northwest,3062.51,1,1,2,Obese,1,5394.35
37,female,26.4,0,yes,southeast,19539.24,0,0,1,Overweight,0,21147.04
21,male,28.975,0,no,northwest,1906.36,1,1,2,Overweight,0,3524.51
64,male,37.905,0,no,northwest,14210.54,1,1,2,Obese,1,15010.67
58,female,22.77,0,no,southeast,11833.78,0,1,1,Normal,0,13407.95
24,male,33.63,4,no,northeast,17128.43,1,1,3,Obese,1,4325.87
31,male,27.645,2,no,northeast,5031.27,1,1,3,Overweight,0,6195.709999999999
39,female,22.8,3,no,northeast,7985.82,0,1,3,Normal,0,8332.67
47,female,27.83,0,yes,southeast,23065.42,0,0,1,Overweight,0,23753.440000000002
30,male,37.43,3,no,northeast,5428.73,1,1,3,Obese,1,5928.59
18,male,38.17,0,yes,southeast,36307.8,1,0,1,Obese,1,35618.83
22,female,34.58,2,no,northeast,3925.76,0,1,3,Obese,1,3791.63
23,male,35.2,1,no,southwest,2416.96,1,1,0,Obese,1,4058.75
33,male,27.1,1,yes,southwest,19040.88,1,0,0,Overweight,0,20104.48
27,male,26.03,0,no,northeast,3070.81,1,1,3,Overweight,0,5127.23
45,female,25.175,2,no,northeast,9095.07,0,1,3,Overweight,0,9935.39
57,female,31.825,0,no,northwest,11842.62,0,1,2,Obese,1,13140.83
47,male,32.3,1,no,southwest,8062.76,1,1,0,Obese,1,10469.63
42,female,29.0,1,no,southwest,7050.64,0,1,0,Overweight,0,9134.03
64,female,39.7,0,no,southwest,14319.03,0,1,0,Obese,1,15010.67
38,female,19.475,2,no,northwest,6933.24,0,1,2,Normal,0,8065.549999999999
61,male,36.1,3,no,southwest,27941.29,1,1,0,Obese,1,14209.31
53,female,26.7,2,no,southwest,11150.78,0,1,0,Overweight,0,12072.35
44,female,36.48,0,no,northeast,12797.21,0,1,3,Obese,1,9668.27
19,female,28.88,0,yes,northwest,17748.51,0,0,2,Overweight,0,16455.52
41,male,34.2,2,no,northwest,7261.74,1,1,2,Obese,1,8866.91
51,male,33.33,3,no,southeast,10560.49,1,1,1,Obese,1,11538.11
40,male,32.3,2,no,northwest,6986.7,1,1,2,Obese,1,8599.789999999999
45,male,39.805,0,no,northeast,7448.4,1,1,3,Obese,1,9935.39
35,male,34.32,3,no,southeast,5934.38,1,1,1,Obese,1,7264.1900000000005
53,male,28.88,0,no,northwest,9869.81,1,1,2,Overweight,0,12072.35
30,male,24.4,3,yes,southwest,18259.22,1,0,0,Normal,0,19322.56
18,male,41.14,0,no,southeast,1146.8,1,1,1,Obese,1,2723.1499999999996
51,male,35.97,1,no,southeast,9386.16,1,1,1,Obese,1,11538.11
50,female,27.6,1,yes,southwest,24520.26,0,0,0,Overweight,0,24535.36
31,female,29.26,1,no,southeast,4350.51,0,1,1,Overweight,0,6195.709999999999
35,female,27.7,3,no,southwest,6414.18,0,1,0,Overweight,0,7264.1900000000005
60,male,36.955,0,no,northeast,12741.17,1,1,3,Obese,1,13942.19
21,male,36.86,0,no,northwest,1917.32,1,1,2,Obese,1,3524.51
29,male,22.515,3,no,northeast,5209.58,1,1,3,Normal,0,5661.47
62,female,29.92,0,no,southeast,13457.96,0,1,1,Overweight,0,14476.429999999998
39,female,41.8,0,no,southeast,5662.22,0,1,1,Obese,1,8332.67
19,male,27.6,0,no,southwest,1252.41,1,1,0,Overweight,0,2990.2699999999995
22,female,23.18,0,no,northeast,2731.91,0,1,3,Normal,0,3791.63
53,male,20.9,0,yes,southeast,21195.82,1,0,1,Normal,0,25317.28
39,female,31.92,2,no,northwest,7209.49,0,1,2,Obese,1,8332.67
27,male,28.5,0,yes,northwest,18310.74,1,0,2,Overweight,0,18540.64
30,male,44.22,2,no,southeast,4266.17,1,1,1,Obese,1,5928.59
30,female,22.895,1,no,northeast,4719.52,0,1,3,Normal,0,5928.59
58,female,33.1,0,no,southwest,11848.14,0,1,0,Obese,1,13407.95
33,male,24.795,0,yes,northeast,17904.53,1,0,3,Normal,0,20104.48
42,female,26.18,1,no,southeast,7046.72,0,1,1,Overweight,0,9134.03
64,female,35.97,0,no,southeast,14313.85,0,1,1,Obese,1,15010.67
21,male,22.3,1,no,southwest,2103.08,1,1,0,Normal,0,3524.51
18,female,42.24,0,yes,southeast,38792.69,0,0,1,Obese,1,35618.83
23,male,26.51,0,no,southeast,1815.88,1,1,1,Overweight,0,4058.75
45,female,35.815,0,no,northwest,7731.86,0,1,2,Obese,1,9935.39
40,female,41.42,1,no,northwest,28476.73,0,1,2,Obese,1,8599.789999999999
19,female,36.575,0,no,northwest,2136.88,0,1,2,Obese,1,2990.2699999999995
18,male,30.14,0,no,southeast,1131.51,1,1,1,Obese,1,2723.1499999999996
25,male,25.84,1,no,northeast,3309.79,1,1,3,Overweight,0,4592.99
46,female,30.8,3,no,southwest,9414.92,0,1,0,Obese,1,10202.51
33,female,42.94,3,no,northwest,6360.99,0,1,2,Obese,1,6729.950000000001
54,male,21.01,2,no,southeast,11013.71,1,1,1,Normal,0,12339.47
28,male,22.515,2,no,northeast,4428.89,1,1,3,Normal,0,5394.35
36,male,34.43,2,no,southeast,5584.31,1,1,1,Obese,1,7531.3099999999995
20,female,31.46,0,no,southeast,1877.93,0,1,1,Obese,1,3257.3899999999994
24,female,24.225,0,no,northwest,2842.76,0,1,2,Normal,0,4325.87
23,male,37.1,3,no,southwest,3597.6,1,1,0,Obese,1,4058.75
47,female,26.125,1,yes,northeast,23401.31,0,0,3,Overweight,0,23753.440000000002
33,female,35.53,0,yes,northwest,55135.4,0,0,2,Obese,1,39836.08
45,male,33.7,1,no,southwest,7445.92,1,1,0,Obese,1,9935.39
26,male,17.67,0,no,northwest,2680.95,1,1,2,Underweight,0,4860.11
18,female,31.13,0,no,southeast,1621.88,0,1,1,Obese,1,2723.1499999999996
44,female,29.81,2,no,southeast,8219.2,0,1,1,Overweight,0,9668.27
60,male,24.32,0,no,northwest,12523.6,1,1,2,Normal,0,13942.19
64,female,31.825,2,no,northeast,16069.08,0,1,3,Obese,1,15010.67
56,male,31.79,2,yes,southeast,43813.87,1,0,1,Obese,1,46302.53
36,male,28.025,1,yes,northeast,20773.63,1,0,3,Overweight,0,20886.4
41,male,30.78,3,yes,northeast,39597.41,1,0,3,Obese,1,42085.28
39,male,21.85,1,no,northwest,6117.49,1,1,2,Normal,0,8332.67
63,male,33.1,0,no,southwest,13393.76,1,1,0,Obese,1,14743.550000000001
36,female,25.84,0,no,northwest,5266.37,0,1,2,Overweight,0,7531.3099999999995
28,female,23.845,2,no,northwest,4719.74,0,1,2,Normal,0,5394.35
58,male,34.39,0,no,northwest,11743.93,1,1,2,Obese,1,13407.95
36,male,33.82,1,no,northwest,5377.46,1,1,2,Obese,1,7531.3099999999995
42,male,35.97,2,no,southeast,7160.33,1,1,1,Obese,1,9134.03
36,male,31.5,0,no,southwest,4402.23,1,1,0,Obese,1,7531.3099999999995
56,female,28.31,0,no,northeast,11657.72,0,1,3,Overweight,0,12873.710000000001
35,female,23.465,2,no,northeast,6402.29,0,1,3,Normal,0,7264.1900000000005
59,female,31.35,0,no,northwest,12622.18,0,1,2,Obese,1,13675.07
21,male,31.1,0,no,southwest,1526.31,1,1,0,Obese,1,3524.51
59,male,24.7,0,no,northeast,12323.94,1,1,3,Normal,0,13675.07
23,female,32.78,2,yes,southeast,36021.01,0,0,1,Obese,1,37024.58
57,female,29.81,0,yes,southeast,27533.91,0,0,1,Overweight,0,26359.84
53,male,30.495,0,no,northeast,10072.06,1,1,3,Obese,1,12072.35
60,female,32.45,0,yes,southeast,45008.96,0,0,1,Obese,1,47427.130000000005
51,female,34.2,1,no,southwest,9872.7,0,1,0,Obese,1,11538.11
23,male,50.38,1,no,southeast,2438.06,1,1,1,Obese,1,4058.75
27,female,24.1,0,no,southwest,2974.13,0,1,0,Normal,0,5127.23
55,male,32.775,0,no,northwest,10601.63,1,1,2,Obese,1,12606.59
37,female,30.78,0,yes,northeast,37270.15,0,0,3,Obese,1,40960.68
61,male,32.3,2,no,northwest,14119.62,1,1,2,Obese,1,14209.31
46,female,35.53,0,yes,northeast,42111.66,0,0,3,Obese,1,43491.03
53,female,23.75,2,no,northeast,11729.68,0,1,3,Normal,0,12072.35
49,female,23.845,3,yes,northeast,24106.91,0,0,3,Normal,0,24274.72
20,female,29.6,0,no,southwest,1875.34,0,1,0,Overweight,0,3257.3899999999994
48,female,33.11,0,yes,southeast,40974.16,0,0,1,Obese,1,44053.33
25,male,24.13,0,yes,northwest,15817.99,1,0,2,Normal,0,18019.36
25,female,32.23,1,no,southeast,18218.16,0,1,1,Obese,1,4592.99
57,male,28.1,0,no,southwest,10965.45,1,1,0,Overweight,0,13140.83
37,female,47.6,2,yes,southwest,46113.51,0,0,0,Obese,1,40960.68
38,female,28.0,3,no,southwest,7151.09,0,1,0,Overweight,0,8065.549999999999
55,female,33.535,2,no,northwest,12269.69,0,1,2,Obese,1,12606.59
36,female,19.855,0,no,northeast,5458.05,0,1,3,Normal,0,7531.3099999999995
51,male,25.4,0,no,southwest,8782.47,1,1,0,Overweight,0,11538.11
40,male,29.9,2,no,southwest,6600.36,1,1,0,Overweight,0,8599.789999999999
18,male,37.29,0,no,southeast,1141.45,1,1,1,Obese,1,2723.1499999999996
57,male,43.7,1,no,southwest,11576.13,1,1,0,Obese,1,13140.83
61,male,23.655,0,no,northeast,13129.6,1,1,3,Normal,0,14209.31
25,female,24.3,3,no,southwest,4391.65,0,1,0,Normal,0,4592.99
50,male,36.2,0,no,southwest,8457.82,1,1,0,Obese,1,11270.99
26,female,29.48,1,no,southeast,3392.37,0,1,1,Overweight,0,4860.11
42,male,24.86,0,no,southeast,5966.89,1,1,1,Normal,0,9134.03
43,male,30.1,1,no,southwest,6849.03,1,1,0,Obese,1,9401.15
44,male,21.85,3,no,northeast,8891.14,1,1,3,Normal,0,9668.27
23,female,28.12,0,no,northwest,2690.11,0,1,2,Overweight,0,4058.75
49,female,27.1,1,no,southwest,26140.36,0,1,0,Overweight,0,11003.87
33,male,33.44,5,no,southeast,6653.79,1,1,1,Obese,1,6729.950000000001
41,male,28.8,1,no,southwest,6282.24,1,1,0,Overweight,0,8866.91
37,female,29.5,2,no,southwest,6311.95,0,1,0,Overweight,0,7798.43
22,male,34.8,3,no,southwest,3443.06,1,1,0,Obese,1,3791.63
23,male,27.36,1,no,northwest,2789.06,1,1,2,Overweight,0,4058.75
21,female,22.135,0,no,northeast,2585.85,0,1,3,Normal,0,3524.51
51,female,37.05,3,yes,northeast,46255.11,0,0,3,Obese,1,44896.78
25,male,26.695,4,no,northwest,4877.98,1,1,2,Overweight,0,4592.99
32,male,28.93,1,yes,southeast,19719.69,1,0,1,Overweight,0,19843.84
57,male,28.975,0,yes,northeast,27218.44,1,0,3,Overweight,0,26359.84
36,female,30.02,0,no,northwest,5272.18,0,1,2,Obese,1,7531.3099999999995
22,male,39.5,0,no,southwest,1682.6,1,1,0,Obese,1,3791.63
57,male,33.63,1,no,northwest,11945.13,1,1,2,Obese,1,13140.83
64,female,26.885,0,yes,northwest,29330.98,0,0,2,Overweight,0,28184.32
36,female,29.04,4,no,southeast,7243.81,0,1,1,Overweight,0,7531.3099999999995
54,male,24.035,0,no,northeast,10422.92,1,1,3,Normal,0,12339.47
47,male,38.94,2,yes,southeast,44202.65,1,0,1,Obese,1,43772.18
62,male,32.11,0,no,northeast,13555.0,1,1,3,Obese,1,14476.429999999998
61,female,44.0,0,no,southwest,13063.88,0,1,0,Obese,1,14209.31
43,female,20.045,2,yes,northeast,19798.05,0,0,3,Normal,0,22710.879999999997
19,male,25.555,1,no,northwest,2221.56,1,1,2,Overweight,0,2990.2699999999995
18,female,40.26,0,no,southeast,1634.57,0,1,1,Obese,1,2723.1499999999996
19,female,22.515,0,no,northwest,2117.34,0,1,2,Normal,0,2990.2699999999995
49,male,22.515,0,no,northeast,8688.86,1,1,3,Normal,0,11003.87
60,male,40.92,0,yes,southeast,48673.56,1,0,1,Obese,1,47427.130000000005
26,male,27.265,3,no,northeast,4661.29,1,1,3,Overweight,0,4860.11
49,male,36.85,0,no,southeast,8125.78,1,1,1,Obese,1,11003.87
60,female,35.1,0,no,southwest,12644.59,0,1,0,Obese,1,13942.19
26,female,29.355,2,no,northeast,4564.19,0,1,3,Overweight,0,4860.11
27,male,32.585,3,no,northeast,4846.92,1,1,3,Obese,1,5127.23
44,female,32.34,1,no,southeast,7633.72,0,1,1,Obese,1,9668.27
63,male,39.8,3,no,southwest,15170.07,1,1,0,Obese,1,14743.550000000001
32,female,24.6,0,yes,southwest,17496.31,0,0,0,Normal,0,19843.84
22,male,28.31,1,no,northwest,2639.04,1,1,2,Overweight,0,3791.63
18,male,31.73,0,yes,northeast,33732.69,1,0,3,Obese,1,35618.83
59,female,26.695,3,no,northwest,14382.71,0,1,2,Overweight,0,13675.07
44,female,27.5,1,no,southwest,7626.99,0,1,0,Overweight,0,9668.27
33,male,24.605,2,no,northwest,5257.51,1,1,2,Normal,0,6729.950000000001
24,female,33.99,0,no,southeast,2473.33,0,1,1,Obese,1,4325.87
43,female,26.885,0,yes,northwest,21774.32,0,0,2,Overweight,0,22710.879999999997
45,male,22.895,0,yes,northeast,35069.37,1,0,3,Normal,0,23232.16
61,female,28.2,0,no,southwest,13041.92,0,1,0,Overweight,0,14209.31
35,female,34.21,1,no,southeast,5245.23,0,1,1,Obese,1,7264.1900000000005
62,female,25.0,0,no,southwest,13451.12,0,1,0,Normal,0,14476.429999999998
62,female,33.2,0,no,southwest,13462.52,0,1,0,Obese,1,14476.429999999998
38,male,31.0,1,no,southwest,5488.26,1,1,0,Obese,1,8065.549999999999
34,male,35.815,0,no,northwest,4320.41,1,1,2,Obese,1,6997.07
43,male,23.2,0,no,southwest,6250.44,1,1,0,Normal,0,9401.15
50,male,32.11,2,no,northeast,25333.33,1,1,3,Obese,1,11270.99
19,female,23.4,2,no,southwest,2913.57,0,1,0,Normal,0,2990.2699999999995
57,female,20.1,1,no,southwest,12032.33,0,1,0,Normal,0,13140.83
62,female,39.16,0,no,southeast,13470.8,0,1,1,Obese,1,14476.429999999998
41,male,34.21,1,no,southeast,6289.75,1,1,1,Obese,1,8866.91
26,male,46.53,1,no,southeast,2927.06,1,1,1,Obese,1,4860.11
39,female,32.5,1,no,southwest,6238.3,0,1,0,Obese,1,8332.67
46,male,25.8,5,no,southwest,10096.97,1,1,0,Overweight,0,10202.51
45,female,35.3,0,no,southwest,7348.14,0,1,0,Obese,1,9935.39
32,male,37.18,2,no,southeast,4673.39,1,1,1,Obese,1,6462.83
59,female,27.5,0,no,southwest,12233.83,0,1,0,Overweight,0,13675.07
44,male,29.735,2,no,northeast,32108.66,1,1,3,Overweight,0,9668.27
39,female,24.225,5,no,northwest,8965.8,0,1,2,Normal,0,8332.67
18,male,26.18,2,no,southeast,2304.0,1,1,1,Overweight,0,2723.1499999999996
53,male,29.48,0,no,southeast,9487.64,1,1,1,Overweight,0,12072.35
18,male,23.21,0,no,southeast,1121.87,1,1,1,Normal,0,2723.1499999999996
50,female,46.09,1,no,southeast,9549.57,0,1,1,Obese,1,11270.99
18,female,40.185,0,no,northeast,2217.47,0,1,3,Obese,1,2723.1499999999996
19,male,22.61,0,no,northwest,1628.47,1,1,2,Normal,0,2990.2699999999995
62,male,39.93,0,no,southeast,12982.87,1,1,1,Obese,1,14476.429999999998
56,female,35.8,1,no,southwest,11674.13,0,1,0,Obese,1,12873.710000000001
42,male,35.8,2,no,southwest,7160.09,1,1,0,Obese,1,9134.03
37,male,34.2,1,yes,northeast,39047.29,1,0,3,Obese,1,40960.68
42,male,31.255,0,no,northwest,6358.78,1,1,2,Obese,1,9134.03
25,male,29.7,3,yes,southwest,19933.46,1,0,0,Overweight,0,18019.36
57,male,18.335,0,no,northeast,11534.87,1,1,3,Underweight,0,13140.83
51,male,42.9,2,yes,southeast,47462.89,1,0,1,Obese,1,44896.78
30,female,28.405,1,no,northwest,4527.18,0,1,2,Overweight,0,5928.59
44,male,30.2,2,yes,southwest,38998.55,1,0,0,Obese,1,42928.729999999996
34,male,27.835,1,yes,northwest,20009.63,1,0,2,Overweight,0,20365.120000000003
31,male,39.49,1,no,southeast,3875.73,1,1,1,Obese,1,6195.709999999999
54,male,30.8,1,yes,southeast,41999.52,1,0,1,Obese,1,45740.229999999996
24,male,26.79,1,no,northwest,12609.89,1,1,2,Overweight,0,4325.87
43,male,34.96,1,yes,northeast,41034.22,1,0,3,Obese,1,42647.58
48,male,36.67,1,no,northwest,28468.92,1,1,2,Obese,1,10736.75
19,female,39.615,1,no,northwest,2730.11,0,1,2,Obese,1,2990.2699999999995
29,female,25.9,0,no,southwest,3353.28,0,1,0,Overweight,0,5661.47
63,female,35.2,1,no,southeast,14474.68,0,1,1,Obese,1,14743.550000000001
46,male,24.795,3,no,northeast,9500.57,1,1,3,Normal,0,10202.51
52,male,36.765,2,no,northwest,26467.1,1,1,2,Obese,1,11805.23
35,male,27.1,1,no,southwest,4746.34,1,1,0,Overweight,0,7264.1900000000005
51,male,24.795,2,yes,northwest,23967.38,1,0,2,Normal,0,24796.0
44,male,25.365,1,no,northwest,7518.03,1,1,2,Overweight,0,9668.27
21,male,25.745,2,no,northeast,3279.87,1,1,3,Overweight,0,3524.51
39,female,34.32,5,no,southeast,8596.83,0,1,1,Obese,1,8332.67
50,female,28.16,3,no,southeast,10702.64,0,1,1,Overweight,0,11270.99
34,female,23.56,0,no,northeast,4992.38,0,1,3,Normal,0,6997.07
22,female,20.235,0,no,northwest,2527.82,0,1,2,Normal,0,3791.63
19,female,40.5,0,no,southwest,1759.34,0,1,0,Obese,1,2990.2699999999995
26,male,35.42,0,no,southeast,2322.62,1,1,1,Obese,1,4860.11
29,male,22.895,0,yes,northeast,16138.76,1,0,3,Normal,0,19061.92
48,male,40.15,0,no,southeast,7804.16,1,1,1,Obese,1,10736.75
26,male,29.15,1,no,southeast,2902.91,1,1,1,Overweight,0,4860.11
45,female,39.995,3,no,northeast,9704.67,0,1,3,Obese,1,9935.39
36,female,29.92,0,no,southeast,4889.04,0,1,1,Overweight,0,7531.3099999999995
54,male,25.46,1,no,northeast,25517.11,1,1,3,Overweight,0,12339.47
34,male,21.375,0,no,northeast,4500.34,1,1,3,Normal,0,6997.07
31,male,25.9,3,yes,southwest,19199.94,1,0,0,Overweight,0,19583.2
27,female,30.59,1,no,northeast,16796.41,0,1,3,Obese,1,5127.23
20,male,30.115,5,no,northeast,4915.06,1,1,3,Obese,1,3257.3899999999994
44,female,25.8,1,no,southwest,7624.63,0,1,0,Overweight,0,9668.27
43,male,30.115,3,no,northwest,8410.05,1,1,2,Obese,1,9401.15
45,female,27.645,1,no,northwest,28340.19,0,1,2,Overweight,0,9935.39
34,male,34.675,0,no,northeast,4518.83,1,1,3,Obese,1,6997.07
24,female,20.52,0,yes,northeast,14571.89,0,0,3,Normal,0,17758.72
26,female,19.8,1,no,southwest,3378.91,0,1,0,Normal,0,4860.11
38,female,27.835,2,no,northeast,7144.86,0,1,3,Overweight,0,8065.549999999999
50,female,31.6,2,no,southwest,10118.42,0,1,0,Obese,1,11270.99
38,male,28.27,1,no,southeast,5484.47,1,1,1,Overweight,0,8065.549999999999
27,female,20.045,3,yes,northwest,16420.49,0,0,2,Normal,0,18540.64
39,female,23.275,3,no,northeast,7986.48,0,1,3,Normal,0,8332.67
39,female,34.1,3,no,southwest,7418.52,0,1,0,Obese,1,8332.67
63,female,36.85,0,no,southeast,13887.97,0,1,1,Obese,1,14743.550000000001
33,female,36.29,3,no,northeast,6551.75,0,1,3,Obese,1,6729.950000000001
36,female,26.885,0,no,northwest,5267.82,0,1,2,Overweight,0,7531.3099999999995
30,male,22.99,2,yes,northwest,17361.77,1,0,2,Normal,0,19322.56
24,male,32.7,0,yes,southwest,34472.84,1,0,0,Obese,1,37305.73
24,male,25.8,0,no,southwest,1972.95,1,1,0,Overweight,0,4325.87
48,male,29.6,0,no,southwest,21232.18,1,1,0,Overweight,0,10736.75
47,male,19.19,1,no,northeast,8627.54,1,1,3,Normal,0,10469.63
29,male,31.73,2,no,northwest,4433.39,1,1,2,Obese,1,5661.47
28,male,29.26,2,no,northeast,4438.26,1,1,3,Overweight,0,5394.35
47,male,28.215,3,yes,northwest,24915.22,1,0,2,Overweight,0,23753.440000000002
25,male,24.985,2,no,northeast,23241.47,1,1,3,Normal,0,4592.99
51,male,27.74,1,no,northeast,9957.72,1,1,3,Overweight,0,11538.11
48,female,22.8,0,no,southwest,8269.04,0,1,0,Normal,0,10736.75
43,male,20.13,2,yes,southeast,18767.74,1,0,1,Normal,0,22710.879999999997
61,female,33.33,4,no,southeast,36580.28,0,1,1,Obese,1,14209.31
48,male,32.3,1,no,northwest,8765.25,1,1,2,Obese,1,10736.75
38,female,27.6,0,no,southwest,5383.54,0,1,0,Overweight,0,8065.549999999999
59,male,25.46,0,no,northwest,12124.99,1,1,2,Overweight,0,13675.07
19,female,24.605,1,no,northwest,2709.24,0,1,2,Normal,0,2990.2699999999995
26,female,34.2,2,no,southwest,3987.93,0,1,0,Obese,1,4860.11
54,female,35.815,3,no,northwest,12495.29,0,1,2,Obese,1,12339.47
21,female,32.68,2,no,northwest,26018.95,0,1,2,Obese,1,3524.51
51,male,37.0,0,no,southwest,8798.59,1,1,0,Obese,1,11538.11
22,female,31.02,3,yes,southeast,35595.59,0,0,1,Obese,1,36743.43
47,male,36.08,1,yes,southeast,42211.14,1,0,1,Obese,1,43772.18
18,male,23.32,1,no,southeast,1711.03,1,1,1,Normal,0,2723.1499999999996
47,female,45.32,1,no,southeast,8569.86,0,1,1,Obese,1,10469.63
21,female,34.6,0,no,southwest,2020.18,0,1,0,Obese,1,3524.51
19,male,26.03,1,yes,northwest,16450.89,1,0,2,Overweight,0,16455.52
23,male,18.715,0,no,northwest,21595.38,1,1,2,Normal,0,4058.75
54,male,31.6,0,no,southwest,9850.43,1,1,0,Obese,1,12339.47
37,female,17.29,2,no,northeast,6877.98,0,1,3,Underweight,0,7798.43
46,female,23.655,1,yes,northwest,21677.28,0,0,2,Normal,0,23492.8
55,female,35.2,0,yes,southeast,44423.8,0,0,1,Obese,1,46021.38
30,female,27.93,0,no,northeast,4137.52,0,1,3,Overweight,0,5928.59
18,male,21.565,0,yes,northeast,13747.87,1,0,3,Normal,0,16194.880000000001
61,male,38.38,0,no,northwest,12950.07,1,1,2,Obese,1,14209.31
54,female,23.0,3,no,southwest,12094.48,0,1,0,Normal,0,12339.47
22,male,37.07,2,yes,southeast,37484.45,1,0,1,Obese,1,36743.43
45,female,30.495,1,yes,northwest,39725.52,0,0,2,Obese,1,43209.88
22,male,28.88,0,no,northeast,2250.84,1,1,3,Overweight,0,3791.63
19,male,27.265,2,no,northwest,22493.66,1,1,2,Overweight,0,2990.2699999999995
35,female,28.025,0,yes,northwest,20234.85,0,0,2,Overweight,0,20625.760000000002
18,male,23.085,0,no,northeast,1704.7,1,1,3,Normal,0,2723.1499999999996
20,male,30.685,0,yes,northeast,33475.82,1,0,3,Obese,1,36181.130000000005
28,female,25.8,0,no,southwest,3161.45,0,1,0,Overweight,0,5394.35
55,male,35.245,1,no,northeast,11394.07,1,1,3,Obese,1,12606.59
43,female,24.7,2,yes,northwest,21880.82,0,0,2,Normal,0,22710.879999999997
43,female,25.08,0,no,northeast,7325.05,0,1,3,Overweight,0,9401.15
22,male,52.58,1,yes,southeast,44501.4,1,0,1,Obese,1,36743.43
25,female,22.515,1,no,northwest,3594.17,0,1,2,Normal,0,4592.99
49,male,30.9,0,yes,southwest,39727.61,1,0,0,Obese,1,44334.479999999996
44,female,36.955,1,no,northwest,8023.14,0,1,2,Obese,1,9668.27
64,male,26.41,0,no,northeast,14394.56,1,1,3,Overweight,0,15010.67
49,male,29.83,1,no,northeast,9288.03,1,1,3,Overweight,0,11003.87
47,male,29.8,3,yes,southwest,25309.49,1,0,0,Overweight,0,23753.440000000002
27,female,21.47,0,no,northwest,3353.47,0,1,2,Normal,0,5127.23
55,male,27.645,0,no,northwest,10594.5,1,1,2,Overweight,0,12606.59
48,female,28.9,0,no,southwest,8277.52,0,1,0,Overweight,0,10736.75
45,female,31.79,0,no,southeast,17929.3,0,1,1,Obese,1,9935.39
24,female,39.49,0,no,southeast,2480.98,0,1,1,Obese,1,4325.87
32,male,33.82,1,no,northwest,4462.72,1,1,2,Obese,1,6462.83
24,male,32.01,0,no,southeast,1981.58,1,1,1,Obese,1,4325.87
57,male,27.94,1,no,southeast,11554.22,1,1,1,Overweight,0,13140.83
59,male,41.14,1,yes,southeast,48970.25,1,0,1,Obese,1,47145.979999999996
36,male,28.595,3,no,northwest,6548.2,1,1,2,Overweight,0,7531.3099999999995
29,female,25.6,4,no,southwest,5708.87,0,1,0,Overweight,0,5661.47
42,female,25.3,1,no,southwest,7045.5,0,1,0,Overweight,0,9134.03
48,male,37.29,2,no,southeast,8978.19,1,1,1,Obese,1,10736.75
39,male,42.655,0,no,northeast,5757.41,1,1,3,Obese,1,8332.67
63,male,21.66,1,no,northwest,14349.85,1,1,2,Normal,0,14743.550000000001
54,female,31.9,1,no,southeast,10928.85,0,1,1,Obese,1,12339.47
37,male,37.07,1,yes,southeast,39871.7,1,0,1,Obese,1,40960.68
63,male,31.445,0,no,northeast,13974.46,1,1,3,Obese,1,14743.550000000001
21,male,31.255,0,no,northwest,1909.53,1,1,2,Obese,1,3524.51
54,female,28.88,2,no,northeast,12096.65,0,1,3,Overweight,0,12339.47
60,female,18.335,0,no,northeast,13204.29,0,1,3,Underweight,0,13942.19
32,female,29.59,1,no,southeast,4562.84,0,1,1,Overweight,0,6462.83
47,female,32.0,1,no,southwest,8551.35,0,1,0,Obese,1,10469.63
21,male,26.03,0,no,northeast,2102.26,1,1,3,Overweight,0,3524.51
28,male,31.68,0,yes,southeast,34672.15,1,0,1,Obese,1,38430.33
63,male,33.66,3,no,southeast,15161.53,1,1,1,Obese,1,14743.550000000001
18,male,21.78,2,no,southeast,11884.05,1,1,1,Normal,0,2723.1499999999996
32,male,27.835,1,no,northwest,4454.4,1,1,2,Overweight,0,6462.83
38,male,19.95,1,no,northwest,5855.9,1,1,2,Normal,0,8065.549999999999
32,male,31.5,1,no,southwest,4076.5,1,1,0,Obese,1,6462.83
62,female,30.495,2,no,northwest,15019.76,0,1,2,Obese,1,14476.429999999998
39,female,18.3,5,yes,southwest,19023.26,0,0,0,Underweight,0,21668.32
55,male,28.975,0,no,northeast,10796.35,1,1,3,Overweight,0,12606.59
57,male,31.54,0,no,northwest,11353.23,1,1,2,Obese,1,13140.83
52,male,47.74,1,no,southeast,9748.91,1,1,1,Obese,1,11805.23
56,male,22.1,0,no,southwest,10577.09,1,1,0,Normal,0,12873.710000000001
47,male,36.19,0,yes,southeast,41676.08,1,0,1,Obese,1,43772.18
55,female,29.83,0,no,northeast,11286.54,0,1,3,Overweight,0,12606.59
23,male,32.7,3,no,southwest,3591.48,1,1,0,Obese,1,4058.75
22,female,30.4,0,yes,northwest,33907.55,0,0,2,Obese,1,36743.43
50,female,33.7,4,no,southwest,11299.34,0,1,0,Obese,1,11270.99
18,female,31.35,4,no,northeast,4561.19,0,1,3,Obese,1,2723.1499999999996
51,female,34.96,2,yes,northeast,44641.2,0,0,3,Obese,1,44896.78
22,male,33.77,0,no,southeast,1674.63,1,1,1,Obese,1,3791.63
52,female,30.875,0,no,northeast,23045.57,0,1,3,Obese,1,11805.23
25,female,33.99,1,no,southeast,3227.12,0,1,1,Obese,1,4592.99
33,female,19.095,2,yes,northeast,16776.3,0,0,3,Normal,0,20104.48
53,male,28.6,3,no,southwest,11253.42,1,1,0,Overweight,0,12072.35
29,male,38.94,1,no,southeast,3471.41,1,1,1,Obese,1,5661.47
58,male,36.08,0,no,southeast,11363.28,1,1,1,Obese,1,13407.95
37,male,29.8,0,no,southwest,20420.6,1,1,0,Overweight,0,7798.43
54,female,31.24,0,no,southeast,10338.93,0,1,1,Obese,1,12339.47
49,female,29.925,0,no,northwest,8988.16,0,1,2,Overweight,0,11003.87
50,female,26.22,2,no,northwest,10493.95,0,1,2,Overweight,0,11270.99
26,male,30.0,1,no,southwest,2904.09,1,1,0,Overweight,1,4860.11
45,male,20.35,3,no,southeast,8605.36,1,1,1,Normal,0,9935.39
54,female,32.3,1,no,northeast,11512.4,0,1,3,Obese,1,12339.47
38,male,38.39,3,yes,southeast,41949.24,1,0,1,Obese,1,41241.83
48,female,25.85,3,yes,southeast,24180.93,0,0,1,Overweight,0,24014.08
28,female,26.315,3,no,northwest,5312.17,0,1,2,Overweight,0,5394.35
23,male,24.51,0,no,northeast,2396.1,1,1,3,Normal,0,4058.75
55,male,32.67,1,no,southeast,10807.49,1,1,1,Obese,1,12606.59
41,male,29.64,5,no,northeast,9222.4,1,1,3,Overweight,0,8866.91
25,male,33.33,2,yes,southeast,36124.57,1,0,1,Obese,1,37586.88
33,male,35.75,1,yes,southeast,38282.75,1,0,1,Obese,1,39836.08
30,female,19.95,3,no,northwest,5693.43,0,1,2,Normal,0,5928.59
23,female,31.4,0,yes,southwest,34166.27,0,0,0,Obese,1,37024.58
46,male,38.17,2,no,southeast,8347.16,1,1,1,Obese,1,10202.51
53,female,36.86,3,yes,northwest,46661.44,0,0,2,Obese,1,45459.08
27,female,32.395,1,no,northeast,18903.49,0,1,3,Obese,1,5127.23
23,female,42.75,1,yes,northeast,40904.2,0,0,3,Obese,1,37024.58
63,female,25.08,0,no,northwest,14254.61,0,1,2,Overweight,0,14743.550000000001
55,male,29.9,0,no,southwest,10214.64,1,1,0,Overweight,0,12606.59
35,female,35.86,2,no,southeast,5836.52,0,1,1,Obese,1,7264.1900000000005
34,male,32.8,1,no,southwest,14358.36,1,1,0,Obese,1,6997.07
19,female,18.6,0,no,southwest,1728.9,0,1,0,Normal,0,2990.2699999999995
39,female,23.87,5,no,southeast,8582.3,0,1,1,Normal,0,8332.67
27,male,45.9,2,no,southwest,3693.43,1,1,0,Obese,1,5127.23
57,male,40.28,0,no,northeast,20709.02,1,1,3,Obese,1,13140.83
52,female,18.335,0,no,northwest,9991.04,0,1,2,Underweight,0,11805.23
28,male,33.82,0,no,northwest,19673.34,1,1,2,Obese,1,5394.35
50,female,28.12,3,no,northwest,11085.59,0,1,2,Overweight,0,11270.99
44,female,25.0,1,no,southwest,7623.52,0,1,0,Normal,0,9668.27
26,female,22.23,0,no,northwest,3176.29,0,1,2,Normal,0,4860.11
33,male,30.25,0,no,southeast,3704.35,1,1,1,Obese,1,6729.950000000001
19,female,32.49,0,yes,northwest,36898.73,0,0,2,Obese,1,35899.98
50,male,37.07,1,no,southeast,9048.03,1,1,1,Obese,1,11270.99
41,female,32.6,3,no,southwest,7954.52,0,1,0,Obese,1,8866.91
52,female,24.86,0,no,southeast,27117.99,0,1,1,Normal,0,11805.23
39,male,32.34,2,no,southeast,6338.08,1,1,1,Obese,1,8332.67
50,male,32.3,2,no,southwest,9630.4,1,1,0,Obese,1,11270.99
52,male,32.775,3,no,northwest,11289.11,1,1,2,Obese,1,11805.23
60,male,32.8,0,yes,southwest,52590.83,1,0,0,Obese,1,47427.130000000005
20,female,31.92,0,no,northwest,2261.57,0,1,2,Obese,1,3257.3899999999994
55,male,21.5,1,no,southwest,10791.96,1,1,0,Normal,0,12606.59
42,male,34.1,0,no,southwest,5979.73,1,1,0,Obese,1,9134.03
18,female,30.305,0,no,northeast,2203.74,0,1,3,Obese,1,2723.1499999999996
58,female,36.48,0,no,northwest,12235.84,0,1,2,Obese,1,13407.95
43,female,32.56,3,yes,southeast,40941.29,0,0,1,Obese,1,42647.58
35,female,35.815,1,no,northwest,5630.46,0,1,2,Obese,1,7264.1900000000005
48,female,27.93,4,no,northwest,11015.17,0,1,2,Overweight,0,10736.75
36,female,22.135,3,no,northeast,7228.22,0,1,3,Normal,0,7531.3099999999995
19,male,44.88,0,yes,southeast,39722.75,1,0,1,Obese,1,35899.98
23,female,23.18,2,no,northwest,14426.07,0,1,2,Normal,0,4058.75
20,female,30.59,0,no,northeast,2459.72,0,1,3,Obese,1,3257.3899999999994
32,female,41.1,0,no,southwest,3989.84,0,1,0,Obese,1,6462.83
43,female,34.58,1,no,northwest,7727.25,0,1,2,Obese,1,9401.15
34,male,42.13,2,no,southeast,5124.19,1,1,1,Obese,1,6997.07
30,male,38.83,1,no,southeast,18963.17,1,1,1,Obese,1,5928.59
18,female,28.215,0,no,northeast,2200.83,0,1,3,Overweight,0,2723.1499999999996
41,female,28.31,1,no,northwest,7153.55,0,1,2,Overweight,0,8866.91
35,female,26.125,0,no,northeast,5227.99,0,1,3,Overweight,0,7264.1900000000005
57,male,40.37,0,no,southeast,10982.5,1,1,1,Obese,1,13140.83
29,female,24.6,2,no,southwest,4529.48,0,1,0,Normal,0,5661.47
32,male,35.2,2,no,southwest,4670.64,1,1,0,Obese,1,6462.83
37,female,34.105,1,no,northwest,6112.35,0,1,2,Obese,1,7798.43
18,male,27.36,1,yes,northeast,17178.68,1,0,3,Overweight,0,16194.880000000001
43,female,26.7,2,yes,southwest,22478.6,0,0,0,Overweight,0,22710.879999999997
56,female,41.91,0,no,southeast,11093.62,0,1,1,Obese,1,12873.710000000001
38,male,29.26,2,no,northwest,6457.84,1,1,2,Overweight,0,8065.549999999999
29,male,32.11,2,no,northwest,4433.92,1,1,2,Obese,1,5661.47
22,female,27.1,0,no,southwest,2154.36,0,1,0,Overweight,0,3791.63
52,female,24.13,1,yes,northwest,23887.66,0,0,2,Normal,0,25056.64
40,female,27.4,1,no,southwest,6496.89,0,1,0,Overweight,0,8599.789999999999
23,female,34.865,0,no,northeast,2899.49,0,1,3,Obese,1,4058.75
31,male,29.81,0,yes,southeast,19350.37,1,0,1,Overweight,0,19583.2
42,female,41.325,1,no,northeast,7650.77,0,1,3,Obese,1,9134.03
24,female,29.925,0,no,northwest,2850.68,0,1,2,Overweight,0,4325.87
25,female,30.3,0,no,southwest,2632.99,0,1,0,Obese,1,4592.99
48,female,27.36,1,no,northeast,9447.38,0,1,3,Overweight,0,10736.75
23,female,28.49,1,yes,southeast,18328.24,0,0,1,Overweight,0,17498.08
45,male,23.56,2,no,northeast,8603.82,1,1,3,Normal,0,9935.39
20,male,35.625,3,yes,northwest,37465.34,1,0,2,Obese,1,36181.130000000005
62,female,32.68,0,no,northwest,13844.8,0,1,2,Obese,1,14476.429999999998
43,female,25.27,1,yes,northeast,21771.34,0,0,3,Overweight,0,22710.879999999997
23,female,28.0,0,no,southwest,13126.68,0,1,0,Overweight,0,4058.75
31,female,32.775,2,no,northwest,5327.4,0,1,2,Obese,1,6195.709999999999
41,female,21.755,1,no,northeast,13725.47,0,1,3,Normal,0,8866.91
58,female,32.395,1,no,northeast,13019.16,0,1,3,Obese,1,13407.95
48,female,36.575,0,no,northwest,8671.19,0,1,2,Obese,1,10736.75
31,female,21.755,0,no,northwest,4134.08,0,1,2,Normal,0,6195.709999999999
19,female,27.93,3,no,northwest,18838.7,0,1,2,Overweight,0,2990.2699999999995
19,female,30.02,0,yes,northwest,33307.55,0,0,2,Obese,1,35899.98
41,male,33.55,0,no,southeast,5699.84,1,1,1,Obese,1,8866.91
40,male,29.355,1,no,northwest,6393.6,1,1,2,Overweight,0,8599.789999999999
31,female,25.8,2,no,southwest,4934.7,0,1,0,Overweight,0,6195.709999999999
37,male,24.32,2,no,northwest,6198.75,1,1,2,Normal,0,7798.43
46,male,40.375,2,no,northwest,8733.23,1,1,2,Obese,1,10202.51
22,male,32.11,0,no,northwest,2055.32,1,1,2,Obese,1,3791.63
51,male,32.3,1,no,northeast,9964.06,1,1,3,Obese,1,11538.11
18,female,27.28,3,yes,southeast,18223.45,0,0,1,Overweight,0,16194.880000000001
35,male,17.86,1,no,northwest,5116.5,1,1,2,Underweight,0,7264.1900000000005
59,female,34.8,2,no,southwest,36910.61,0,1,0,Obese,1,13675.07
36,male,33.4,2,yes,southwest,38415.47,1,0,0,Obese,1,40679.53
37,female,25.555,1,yes,northeast,20296.86,0,0,3,Overweight,0,21147.04
59,male,37.1,1,no,southwest,12347.17,1,1,0,Obese,1,13675.07
36,male,30.875,1,no,northwest,5373.36,1,1,2,Obese,1,7531.3099999999995
39,male,34.1,2,no,southeast,23563.02,1,1,1,Obese,1,8332.67
18,male,21.47,0,no,northeast,1702.46,1,1,3,Normal,0,2723.1499999999996
52,female,33.3,2,no,southwest,10806.84,0,1,0,Obese,1,11805.23
27,female,31.255,1,no,northwest,3956.07,0,1,2,Obese,1,5127.23
18,male,39.14,0,no,northeast,12890.06,1,1,3,Obese,1,2723.1499999999996
40,male,25.08,0,no,southeast,5415.66,1,1,1,Overweight,0,8599.789999999999
29,male,37.29,2,no,southeast,4058.12,1,1,1,Obese,1,5661.47
46,female,34.6,1,yes,southwest,41661.6,0,0,0,Obese,1,43491.03
38,female,30.21,3,no,northwest,7537.16,0,1,2,Obese,1,8065.549999999999
30,female,21.945,1,no,northeast,4718.2,0,1,3,Normal,0,5928.59
40,male,24.97,2,no,southeast,6593.51,1,1,1,Normal,0,8599.789999999999
50,male,25.3,0,no,southeast,8442.67,1,1,1,Overweight,0,11270.99
20,female,24.42,0,yes,southeast,26125.67,0,0,1,Normal,0,16716.16
41,male,23.94,1,no,northeast,6858.48,1,1,3,Normal,0,8866.91
33,female,39.82,1,no,southeast,4795.66,0,1,1,Obese,1,6729.950000000001
38,male,16.815,2,no,northeast,6640.54,1,1,3,Underweight,0,8065.549999999999
42,male,37.18,2,no,southeast,7162.01,1,1,1,Obese,1,9134.03
56,male,34.43,0,no,southeast,10594.23,1,1,1,Obese,1,12873.710000000001
58,male,30.305,0,no,northeast,11938.26,1,1,3,Obese,1,13407.95
52,male,34.485,3,yes,northwest,60021.4,1,0,2,Obese,1,45177.93
20,female,21.8,0,yes,southwest,20167.34,0,0,0,Normal,0,16716.16
54,female,24.605,3,no,northwest,12479.71,0,1,2,Normal,0,12339.47
58,male,23.3,0,no,southwest,11345.52,1,1,0,Normal,0,13407.95
45,female,27.83,2,no,southeast,8515.76,0,1,1,Overweight,0,9935.39
26,male,31.065,0,no,northwest,2699.57,1,1,2,Obese,1,4860.11
63,female,21.66,0,no,northeast,14449.85,0,1,3,Normal,0,14743.550000000001
58,female,28.215,0,no,northwest,12224.35,0,1,2,Overweight,0,13407.95
37,male,22.705,3,no,northeast,6985.51,1,1,3,Normal,0,7798.43
25,female,42.13,1,no,southeast,3238.44,0,1,1,Obese,1,4592.99
52,male,41.8,2,yes,southeast,47269.85,1,0,1,Obese,1,45177.93
64,male,36.96,2,yes,southeast,49577.66,1,0,1,Obese,1,48551.729999999996
22,female,21.28,3,no,northwest,4296.27,0,1,2,Normal,0,3791.63
28,female,33.11,0,no,southeast,3171.61,0,1,1,Obese,1,5394.35
18,male,33.33,0,no,southeast,1135.94,1,1,1,Obese,1,2723.1499999999996
28,male,24.3,5,no,southwest,5615.37,1,1,0,Normal,0,5394.35
45,female,25.7,3,no,southwest,9101.8,0,1,0,Overweight,0,9935.39
33,male,29.4,4,no,southwest,6059.17,1,1,0,Overweight,0,6729.950000000001
18,female,39.82,0,no,southeast,1633.96,0,1,1,Obese,1,2723.1499999999996
32,male,33.63,1,yes,northeast,37607.53,1,0,3,Obese,1,39554.93
24,male,29.83,0,yes,northeast,18648.42,1,0,3,Overweight,0,17758.72
19,male,19.8,0,no,southwest,1241.56,1,1,0,Normal,0,2990.2699999999995
20,male,27.3,0,yes,southwest,16232.85,1,0,0,Overweight,0,16716.16
40,female,29.3,4,no,southwest,15828.82,0,1,0,Overweight,0,8599.789999999999
34,female,27.72,0,no,southeast,4415.16,0,1,1,Overweight,0,6997.07
42,female,37.9,0,no,southwest,6474.01,0,1,0,Obese,1,9134.03
51,female,36.385,3,no,northwest,11436.74,0,1,2,Obese,1,11538.11
54,female,27.645,1,no,northwest,11305.93,0,1,2,Overweight,0,12339.47
55,male,37.715,3,no,northwest,30063.58,1,1,2,Obese,1,12606.59
52,female,23.18,0,no,northeast,10197.77,0,1,3,Normal,0,11805.23
32,female,20.52,0,no,northeast,4544.23,0,1,3,Normal,0,6462.83
28,male,37.1,1,no,southwest,3277.16,1,1,0,Obese,1,5394.35
41,female,28.05,1,no,southeast,6770.19,0,1,1,Overweight,0,8866.91
43,female,29.9,1,no,southwest,7337.75,0,1,0,Overweight,0,9401.15
49,female,33.345,2,no,northeast,10370.91,0,1,3,Obese,1,11003.87
64,male,23.76,0,yes,southeast,26926.51,1,0,1,Normal,0,28184.32
55,female,30.5,0,no,southwest,10704.47,0,1,0,Obese,1,12606.59
24,male,31.065,0,yes,northeast,34254.05,1,0,3,Obese,1,37305.73
20,female,33.3,0,no,southwest,1880.49,0,1,0,Obese,1,3257.3899999999994
45,male,27.5,3,no,southwest,8615.3,1,1,0,Overweight,0,9935.39
26,male,33.915,1,no,northwest,3292.53,1,1,2,Obese,1,4860.11
25,female,34.485,0,no,northwest,3021.81,0,1,2,Obese,1,4592.99
43,male,25.52,5,no,southeast,14478.33,1,1,1,Overweight,0,9401.15
35,male,27.61,1,no,southeast,4747.05,1,1,1,Overweight,0,7264.1900000000005
26,male,27.06,0,yes,southeast,17043.34,1,0,1,Overweight,0,18280.0
57,male,23.7,0,no,southwest,10959.33,1,1,0,Normal,0,13140.83
22,female,30.4,0,no,northeast,2741.95,0,1,3,Obese,1,3791.63
32,female,29.735,0,no,northwest,4357.04,0,1,2,Overweight,0,6462.83
39,male,29.925,1,yes,northeast,22462.04,1,0,3,Overweight,0,21668.32
25,female,26.79,2,no,northwest,4189.11,0,1,2,Overweight,0,4592.99
48,female,33.33,0,no,southeast,8283.68,0,1,1,Obese,1,10736.75
47,female,27.645,2,yes,northwest,24535.7,0,0,2,Overweight,0,23753.440000000002
18,female,21.66,0,yes,northeast,14283.46,0,0,3,Normal,0,16194.880000000001
18,male,30.03,1,no,southeast,1720.35,1,1,1,Obese,1,2723.1499999999996
61,male,36.3,1,yes,southwest,47403.88,1,0,0,Obese,1,47708.28
47,female,24.32,0,no,northeast,8534.67,0,1,3,Normal,0,10469.63
28,female,17.29,0,no,northeast,3732.63,0,1,3,Underweight,0,5394.35
36,female,25.9,1,no,southwest,5472.45,0,1,0,Overweight,0,7531.3099999999995
20,male,39.4,2,yes,southwest,38344.57,1,0,0,Obese,1,36181.130000000005
44,male,34.32,1,no,southeast,7147.47,1,1,1,Obese,1,9668.27
38,female,19.95,2,no,northeast,7133.9,0,1,3,Normal,0,8065.549999999999
19,male,34.9,0,yes,southwest,34828.65,1,0,0,Obese,1,35899.98
21,male,23.21,0,no,southeast,1515.34,1,1,1,Normal,0,3524.51
46,male,25.745,3,no,northwest,9301.89,1,1,2,Overweight,0,10202.51
58,male,25.175,0,no,northeast,11931.13,1,1,3,Overweight,0,13407.95
20,male,22.0,1,no,southwest,1964.78,1,1,0,Normal,0,3257.3899999999994
18,male,26.125,0,no,northeast,1708.93,1,1,3,Overweight,0,2723.1499999999996
28,female,26.51,2,no,southeast,4340.44,0,1,1,Overweight,0,5394.35
33,male,27.455,2,no,northwest,5261.47,1,1,2,Overweight,0,6729.950000000001
19,female,25.745,1,no,northwest,2710.83,0,1,2,Overweight,0,2990.2699999999995
45,male,30.36,0,yes,southeast,62592.87,1,0,1,Obese,1,43209.88
62,male,30.875,3,yes,northwest,46718.16,1,0,2,Obese,1,47989.43
25,female,20.8,1,no,southwest,3208.79,0,1,0,Normal,0,4592.99
43,male,27.8,0,yes,southwest,37829.72,1,0,0,Overweight,0,22710.879999999997
42,male,24.605,2,yes,northeast,21259.38,1,0,3,Normal,0,22450.239999999998
24,female,27.72,0,no,southeast,2464.62,0,1,1,Overweight,0,4325.87
29,female,21.85,0,yes,northeast,16115.3,0,0,3,Normal,0,19061.92
32,male,28.12,4,yes,northwest,21472.48,1,0,2,Overweight,0,19843.84
25,female,30.2,0,yes,southwest,33900.65,0,0,0,Obese,1,37586.88
41,male,32.2,2,no,southwest,6875.96,1,1,0,Obese,1,8866.91
42,male,26.315,1,no,northwest,6940.91,1,1,2,Overweight,0,9134.03
33,female,26.695,0,no,northwest,4571.41,0,1,2,Overweight,0,6729.950000000001
34,male,42.9,1,no,southwest,4536.26,1,1,0,Obese,1,6997.07
19,female,34.7,2,yes,southwest,36397.58,0,0,0,Obese,1,35899.98
30,female,23.655,3,yes,northwest,18765.88,0,0,2,Normal,0,19322.56
18,male,28.31,1,no,northeast,11272.33,1,1,3,Overweight,0,2723.1499999999996
19,female,20.6,0,no,southwest,1731.68,0,1,0,Normal,0,2990.2699999999995
18,male,53.13,0,no,southeast,1163.46,1,1,1,Obese,1,2723.1499999999996
35,male,39.71,4,no,northeast,19496.72,1,1,3,Obese,1,7264.1900000000005
39,female,26.315,2,no,northwest,7201.7,0,1,2,Overweight,0,8332.67
31,male,31.065,3,no,northwest,5425.02,1,1,2,Obese,1,6195.709999999999
62,male,26.695,0,yes,northeast,28101.33,1,0,3,Overweight,0,27663.04
62,male,38.83,0,no,southeast,12981.35,1,1,1,Obese,1,14476.429999999998
42,female,40.37,2,yes,southeast,43896.38,0,0,1,Obese,1,42366.43
31,male,25.935,1,no,northwest,4239.89,1,1,2,Overweight,0,6195.709999999999
61,male,33.535,0,no,northeast,13143.34,1,1,3,Obese,1,14209.31
42,female,32.87,0,no,northeast,7050.02,0,1,3,Obese,1,9134.03
51,male,30.03,1,no,southeast,9377.9,1,1,1,Obese,1,11538.11
23,female,24.225,2,no,northeast,22395.74,0,1,3,Normal,0,4058.75
52,male,38.6,2,no,southwest,10325.21,1,1,0,Obese,1,11805.23
57,female,25.74,2,no,southeast,12629.17,0,1,1,Overweight,0,13140.83
23,female,33.4,0,no,southwest,10795.94,0,1,0,Obese,1,4058.75
52,female,44.7,3,no,southwest,11411.68,0,1,0,Obese,1,11805.23
50,male,30.97,3,no,northwest,10600.55,1,1,2,Obese,1,11270.99
18,female,31.92,0,no,northeast,2205.98,0,1,3,Obese,1,2723.1499999999996
18,female,36.85,0,no,southeast,1629.83,0,1,1,Obese,1,2723.1499999999996
21,female,25.8,0,no,southwest,2007.94,0,1,0,Overweight,0,3524.51
61,female,29.07,0,yes,northwest,29141.36,0,0,2,Overweight,0,27402.4
